114,10月無口な君を忘れる,あたらよ,34865,https://open.spotify.com/track/006u4CXVO2cusq08RrMElQ,0.262,0.47,5,-4.663,1,0.0433,0.0429,0,0.236,0.307,75.096, 'audio_features',006u4CXVO2cusq08RrMElQ', 'spotify:track:006u4CXVO2cusq08RrMElQ',https://api.spotify.com/v1/tracks/006u4CXVO2cusq08RrMElQ',https://api.spotify.com/v1/audio-analysis/006u4CXVO2cusq08RrMElQ',332286,4
88,歌よ,Belle,41131,https://open.spotify.com/track/5dy1QO156l2ct1MVPzc8px,0.305,0.252,4,-13.541,0,0.0419,0.395,0.0127,0.171,0.127,128.015, 'audio_features',5dy1QO156l2ct1MVPzc8px', 'spotify:track:5dy1QO156l2ct1MVPzc8px',https://api.spotify.com/v1/tracks/5dy1QO156l2ct1MVPzc8px',https://api.spotify.com/v1/audio-analysis/5dy1QO156l2ct1MVPzc8px',238412,4
65,青と夏,Mrs. GREEN APPLE,54953,https://open.spotify.com/track/5BC6kr6etk2Y9J62AyI4i3,0.31,0.891,4,-1.66,1,0.0469,0.00157,0,0.284,0.748,184.886, 'audio_features',5BC6kr6etk2Y9J62AyI4i3', 'spotify:track:5BC6kr6etk2Y9J62AyI4i3',https://api.spotify.com/v1/tracks/5BC6kr6etk2Y9J62AyI4i3',https://api.spotify.com/v1/audio-analysis/5BC6kr6etk2Y9J62AyI4i3',270027,4
5,Cry Baby,Official HIGE DANdism,205472,https://open.spotify.com/track/7vBX6cVsCPFSx2C58hpZ4f,0.318,0.902,1,-4.605,1,0.131,0.0116,0,0.393,0.437,199.844, 'audio_features',7vBX6cVsCPFSx2C58hpZ4f', 'spotify:track:7vBX6cVsCPFSx2C58hpZ4f',https://api.spotify.com/v1/tracks/7vBX6cVsCPFSx2C58hpZ4f',https://api.spotify.com/v1/audio-analysis/7vBX6cVsCPFSx2C58hpZ4f',240285,4
124,心のそばに,Belle,33497,https://open.spotify.com/track/2hR3yLXHkMQLvdOPR8LGQp,0.327,0.201,7,-11.568,1,0.0331,0.847,0.000277,0.11,0.138,81.217, 'audio_features',2hR3yLXHkMQLvdOPR8LGQp', 'spotify:track:2hR3yLXHkMQLvdOPR8LGQp',https://api.spotify.com/v1/tracks/2hR3yLXHkMQLvdOPR8LGQp',https://api.spotify.com/v1/audio-analysis/2hR3yLXHkMQLvdOPR8LGQp',303813,4
183,Happier Than Ever,Billie Eilish,25841,https://open.spotify.com/track/4RVwu0g32PAqgUiJoXsdF8,0.332,0.225,0,-8.697,1,0.0348,0.767,0.00349,0.128,0.297,81.055, 'audio_features',4RVwu0g32PAqgUiJoXsdF8', 'spotify:track:4RVwu0g32PAqgUiJoXsdF8',https://api.spotify.com/v1/tracks/4RVwu0g32PAqgUiJoXsdF8',https://api.spotify.com/v1/audio-analysis/4RVwu0g32PAqgUiJoXsdF8',298899,3
121,名前を呼ぶよ,SUPER BEAVER,33699,https://open.spotify.com/track/5iTyiE1jAfmjorzFLc4Frg,0.354,0.98,11,-2.557,1,0.211,0.00894,0,0.353,0.519,176.081, 'audio_features',5iTyiE1jAfmjorzFLc4Frg', 'spotify:track:5iTyiE1jAfmjorzFLc4Frg',https://api.spotify.com/v1/tracks/5iTyiE1jAfmjorzFLc4Frg',https://api.spotify.com/v1/audio-analysis/5iTyiE1jAfmjorzFLc4Frg',277360,4
128,Wherever you are,ONE OK ROCK,33052,https://open.spotify.com/track/7a7EIFzJLd7lcDRgThMQgm,0.379,0.69,4,-4.79,1,0.0549,0.0286,0,0.335,0.288,173.716, 'audio_features',7a7EIFzJLd7lcDRgThMQgm', 'spotify:track:7a7EIFzJLd7lcDRgThMQgm',https://api.spotify.com/v1/tracks/7a7EIFzJLd7lcDRgThMQgm',https://api.spotify.com/v1/audio-analysis/7a7EIFzJLd7lcDRgThMQgm',295600,4
145,Laughter,Official HIGE DANdism,30195,https://open.spotify.com/track/1SdwlHsv8bWHbAlIw5Jfgo,0.396,0.801,4,-4.673,1,0.035,0.023,0,0.138,0.366,159.769, 'audio_features',1SdwlHsv8bWHbAlIw5Jfgo', 'spotify:track:1SdwlHsv8bWHbAlIw5Jfgo',https://api.spotify.com/v1/tracks/1SdwlHsv8bWHbAlIw5Jfgo',https://api.spotify.com/v1/audio-analysis/1SdwlHsv8bWHbAlIw5Jfgo',350300,4
160,小さな恋のうた,MONGOL800,27839,https://open.spotify.com/track/23atyJacJVHvB9RHBNhr35,0.403,0.778,11,-4.856,1,0.0395,0.00203,0,0.227,0.628,115.581, 'audio_features',23atyJacJVHvB9RHBNhr35', 'spotify:track:23atyJacJVHvB9RHBNhr35',https://api.spotify.com/v1/tracks/23atyJacJVHvB9RHBNhr35',https://api.spotify.com/v1/audio-analysis/23atyJacJVHvB9RHBNhr35',222640,4
107,花束のかわりにメロディーを,Shota Shimizu,36324,https://open.spotify.com/track/2028QNsVTmp5IF7UK4ZnaE,0.42,0.483,8,-5.345,1,0.0291,0.0784,0.0000105,0.276,0.277,129.808, 'audio_features',2028QNsVTmp5IF7UK4ZnaE', 'spotify:track:2028QNsVTmp5IF7UK4ZnaE',https://api.spotify.com/v1/tracks/2028QNsVTmp5IF7UK4ZnaE',https://api.spotify.com/v1/audio-analysis/2028QNsVTmp5IF7UK4ZnaE',309440,4
43,Walking with you,Novelbright,98387,https://open.spotify.com/track/7tGDXCPLpAScEwmqab9YZd,0.422,0.969,7,-0.824,1,0.0591,0.00585,0,0.533,0.496,92.524, 'audio_features',7tGDXCPLpAScEwmqab9YZd', 'spotify:track:7tGDXCPLpAScEwmqab9YZd',https://api.spotify.com/v1/tracks/7tGDXCPLpAScEwmqab9YZd',https://api.spotify.com/v1/audio-analysis/7tGDXCPLpAScEwmqab9YZd',223187,4
68,怪獣の花唄,Vaundy,51543,https://open.spotify.com/track/4W29WmnGN1FlufURaBt8yw,0.425,0.939,2,-3.498,1,0.054,0.00361,0,0.331,0.638,150.015, 'audio_features',4W29WmnGN1FlufURaBt8yw', 'spotify:track:4W29WmnGN1FlufURaBt8yw',https://api.spotify.com/v1/tracks/4W29WmnGN1FlufURaBt8yw',https://api.spotify.com/v1/audio-analysis/4W29WmnGN1FlufURaBt8yw',224806,4
90,分かってないよ,WurtS,40280,https://open.spotify.com/track/5wosJVYKzl3g7XElM98m23,0.429,0.919,2,-4.087,1,0.0681,0.000219,0.000143,0.347,0.527,149.971, 'audio_features',5wosJVYKzl3g7XElM98m23', 'spotify:track:5wosJVYKzl3g7XElM98m23',https://api.spotify.com/v1/tracks/5wosJVYKzl3g7XElM98m23',https://api.spotify.com/v1/audio-analysis/5wosJVYKzl3g7XElM98m23',209038,4
167,ヘビースモーク,にしな,26997,https://open.spotify.com/track/2RYRnaB7ekhnBpRFl3nZdG,0.435,0.631,10,-4.725,1,0.0301,0.00381,0.000367,0.297,0.496,137.959, 'audio_features',2RYRnaB7ekhnBpRFl3nZdG', 'spotify:track:2RYRnaB7ekhnBpRFl3nZdG',https://api.spotify.com/v1/tracks/2RYRnaB7ekhnBpRFl3nZdG',https://api.spotify.com/v1/audio-analysis/2RYRnaB7ekhnBpRFl3nZdG',302142,4
50,恋人ごっこ,Macaroni Empitsu,92506,https://open.spotify.com/track/2SihT7AVMiI2VtaAyVIcnO,0.438,0.646,1,-5.301,1,0.0361,0.124,0,0.0603,0.745,102.033, 'audio_features',2SihT7AVMiI2VtaAyVIcnO', 'spotify:track:2SihT7AVMiI2VtaAyVIcnO',https://api.spotify.com/v1/tracks/2SihT7AVMiI2VtaAyVIcnO',https://api.spotify.com/v1/audio-analysis/2SihT7AVMiI2VtaAyVIcnO',200219,4
118,僕のこと,Mrs. GREEN APPLE,34626,https://open.spotify.com/track/0tnhoHUrHfcLi9hPknUFZ4,0.439,0.708,7,-3.825,1,0.0528,0.0129,0,0.147,0.454,160.027, 'audio_features',0tnhoHUrHfcLi9hPknUFZ4', 'spotify:track:0tnhoHUrHfcLi9hPknUFZ4',https://api.spotify.com/v1/tracks/0tnhoHUrHfcLi9hPknUFZ4',https://api.spotify.com/v1/audio-analysis/0tnhoHUrHfcLi9hPknUFZ4',321307,4
9,三原色,YOASOBI,185295,https://open.spotify.com/track/3FUCuf498nFHJXFYR1V9Bd,0.443,0.893,5,-3.496,0,0.154,0.128,0,0.328,0.826,127.999, 'audio_features',3FUCuf498nFHJXFYR1V9Bd', 'spotify:track:3FUCuf498nFHJXFYR1V9Bd',https://api.spotify.com/v1/tracks/3FUCuf498nFHJXFYR1V9Bd',https://api.spotify.com/v1/audio-analysis/3FUCuf498nFHJXFYR1V9Bd',224067,4
108,Broken Heart of Gold,ONE OK ROCK,36291,https://open.spotify.com/track/5DLqCKIi1lquKvGTIjlf6I,0.444,0.716,10,-5.369,0,0.0359,0.0946,0,0.0792,0.151,85.63, 'audio_features',5DLqCKIi1lquKvGTIjlf6I', 'spotify:track:5DLqCKIi1lquKvGTIjlf6I',https://api.spotify.com/v1/tracks/5DLqCKIi1lquKvGTIjlf6I',https://api.spotify.com/v1/audio-analysis/5DLqCKIi1lquKvGTIjlf6I',253488,4
12,勿忘,Awesome City Club,168062,https://open.spotify.com/track/0XZyF9lv6diMt4bxThOL0h,0.448,0.447,6,-7.161,0,0.045,0.234,0,0.382,0.299,78.861, 'audio_features',0XZyF9lv6diMt4bxThOL0h', 'spotify:track:0XZyF9lv6diMt4bxThOL0h',https://api.spotify.com/v1/tracks/0XZyF9lv6diMt4bxThOL0h',https://api.spotify.com/v1/audio-analysis/0XZyF9lv6diMt4bxThOL0h',251533,4
153,Your eyes tell,BTS,28885,https://open.spotify.com/track/3TZ7NHkMT82AhwuYsd00Hz,0.449,0.491,9,-6.433,0,0.029,0.279,0,0.0654,0.258,139.923, 'audio_features',3TZ7NHkMT82AhwuYsd00Hz', 'spotify:track:3TZ7NHkMT82AhwuYsd00Hz',https://api.spotify.com/v1/tracks/3TZ7NHkMT82AhwuYsd00Hz',https://api.spotify.com/v1/audio-analysis/3TZ7NHkMT82AhwuYsd00Hz',245147,4
4,ドライフラワー,優里,231084,https://open.spotify.com/track/7dH0dpi751EoguDDg3xx6J,0.463,0.624,7,-5.118,1,0.0274,0.426,0,0.221,0.521,147.929, 'audio_features',7dH0dpi751EoguDDg3xx6J', 'spotify:track:7dH0dpi751EoguDDg3xx6J',https://api.spotify.com/v1/tracks/7dH0dpi751EoguDDg3xx6J',https://api.spotify.com/v1/audio-analysis/7dH0dpi751EoguDDg3xx6J',285587,4
158,さよならエレジー,Masaki Suda,28282,https://open.spotify.com/track/3oYD2O31b05fILFpv0AXRI,0.466,0.934,1,-2.736,1,0.0539,0.00331,0,0.277,0.615,154.961, 'audio_features',3oYD2O31b05fILFpv0AXRI', 'spotify:track:3oYD2O31b05fILFpv0AXRI',https://api.spotify.com/v1/tracks/3oYD2O31b05fILFpv0AXRI',https://api.spotify.com/v1/audio-analysis/3oYD2O31b05fILFpv0AXRI',257067,4
168,Sleepless Night,yama,26945,https://open.spotify.com/track/2RZ34MuLUy5xmdnv2iDnvW,0.467,0.549,9,-6.449,1,0.027,0.233,0,0.115,0.251,157.998, 'audio_features',2RZ34MuLUy5xmdnv2iDnvW', 'spotify:track:2RZ34MuLUy5xmdnv2iDnvW',https://api.spotify.com/v1/tracks/2RZ34MuLUy5xmdnv2iDnvW',https://api.spotify.com/v1/audio-analysis/2RZ34MuLUy5xmdnv2iDnvW',257307,4
96,カイト,ARASHI,37774,https://open.spotify.com/track/5lo3L98nR2VpN2dM9UFJu0,0.469,0.477,1,-6.458,1,0.0305,0.666,0,0.734,0.558,177.882, 'audio_features',5lo3L98nR2VpN2dM9UFJu0', 'spotify:track:5lo3L98nR2VpN2dM9UFJu0',https://api.spotify.com/v1/tracks/5lo3L98nR2VpN2dM9UFJu0',https://api.spotify.com/v1/audio-analysis/5lo3L98nR2VpN2dM9UFJu0',283400,4
190,アイネクライネ,Kenshi Yonezu,25052,https://open.spotify.com/track/45YBVp6zMwQZRbUDcPzmMB,0.471,0.868,1,-2.291,1,0.0295,0.0384,0,0.297,0.811,173.969, 'audio_features',45YBVp6zMwQZRbUDcPzmMB', 'spotify:track:45YBVp6zMwQZRbUDcPzmMB',https://api.spotify.com/v1/tracks/45YBVp6zMwQZRbUDcPzmMB',https://api.spotify.com/v1/audio-analysis/45YBVp6zMwQZRbUDcPzmMB',288013,4
36,炎,LiSA,107678,https://open.spotify.com/track/0cSkn2l67csUljEy0EEBPn,0.477,0.685,2,-4.554,1,0.0325,0.105,0,0.277,0.308,152.04, 'audio_features',0cSkn2l67csUljEy0EEBPn', 'spotify:track:0cSkn2l67csUljEy0EEBPn',https://api.spotify.com/v1/tracks/0cSkn2l67csUljEy0EEBPn',https://api.spotify.com/v1/audio-analysis/0cSkn2l67csUljEy0EEBPn',275000,4
144,HAPPY BIRTHDAY,back number,30302,https://open.spotify.com/track/4FMz2RFrbDGzJO7K4D0vS3,0.482,0.602,11,-4.365,1,0.0303,0.0702,0,0.0677,0.535,145.988, 'audio_features',4FMz2RFrbDGzJO7K4D0vS3', 'spotify:track:4FMz2RFrbDGzJO7K4D0vS3',https://api.spotify.com/v1/tracks/4FMz2RFrbDGzJO7K4D0vS3',https://api.spotify.com/v1/audio-analysis/4FMz2RFrbDGzJO7K4D0vS3',258333,4
185,TWILIGHT,RADWIMPS,25750,https://open.spotify.com/track/33o5B8veTEuqEzkcJrWnN2,0.492,0.865,0,-4.411,1,0.0704,0.0141,0,0.161,0.362,137.963, 'audio_features',33o5B8veTEuqEzkcJrWnN2', 'spotify:track:33o5B8veTEuqEzkcJrWnN2',https://api.spotify.com/v1/tracks/33o5B8veTEuqEzkcJrWnN2',https://api.spotify.com/v1/audio-analysis/33o5B8veTEuqEzkcJrWnN2',263209,4
98,Universe,Official HIGE DANdism,37604,https://open.spotify.com/track/6KLaKHxwJE3CZECVJLH4cN,0.493,0.907,1,-4.911,1,0.19,0.227,0.000017,0.136,0.596,185.959, 'audio_features',6KLaKHxwJE3CZECVJLH4cN', 'spotify:track:6KLaKHxwJE3CZECVJLH4cN',https://api.spotify.com/v1/tracks/6KLaKHxwJE3CZECVJLH4cN',https://api.spotify.com/v1/audio-analysis/6KLaKHxwJE3CZECVJLH4cN',286099,4
181,しわあわせ,Vaundy,26041,https://open.spotify.com/track/3hrxTCRmw5mjaTMQhlryIc,0.494,0.613,5,-6.813,1,0.0633,0.00484,0,0.115,0.385,159.993, 'audio_features',3hrxTCRmw5mjaTMQhlryIc', 'spotify:track:3hrxTCRmw5mjaTMQhlryIc',https://api.spotify.com/v1/tracks/3hrxTCRmw5mjaTMQhlryIc',https://api.spotify.com/v1/audio-analysis/3hrxTCRmw5mjaTMQhlryIc',278250,4
19,Film out,BTS,128009,https://open.spotify.com/track/3UHPGOkUcE4hE7sqBF4Snt,0.499,0.709,10,-6.404,1,0.134,0.296,0,0.331,0.314,164.032, 'audio_features',3UHPGOkUcE4hE7sqBF4Snt', 'spotify:track:3UHPGOkUcE4hE7sqBF4Snt',https://api.spotify.com/v1/tracks/3UHPGOkUcE4hE7sqBF4Snt',https://api.spotify.com/v1/audio-analysis/3UHPGOkUcE4hE7sqBF4Snt',214621,4
40,点描の唄,Mrs. GREEN APPLE,102765,https://open.spotify.com/track/1sIIlVrnPhrvmTrHtzM7tV,0.502,0.632,0,-4.612,1,0.0273,0.447,0,0.103,0.308,152.014, 'audio_features',1sIIlVrnPhrvmTrHtzM7tV', 'spotify:track:1sIIlVrnPhrvmTrHtzM7tV',https://api.spotify.com/v1/tracks/1sIIlVrnPhrvmTrHtzM7tV',https://api.spotify.com/v1/audio-analysis/1sIIlVrnPhrvmTrHtzM7tV',307067,4
57,ツキミソウ,Novelbright,65905,https://open.spotify.com/track/6sElEqOIGENWjpxGFeo5ct,0.504,0.645,6,-3.244,1,0.0352,0.432,0,0.231,0.473,77.959, 'audio_features',6sElEqOIGENWjpxGFeo5ct', 'spotify:track:6sElEqOIGENWjpxGFeo5ct',https://api.spotify.com/v1/tracks/6sElEqOIGENWjpxGFeo5ct',https://api.spotify.com/v1/audio-analysis/6sElEqOIGENWjpxGFeo5ct',312053,4
171,愛唄,GReeeeN,26842,https://open.spotify.com/track/7iXHLtPosbHvglVSJ4rxLq,0.505,0.791,8,-3.729,1,0.0308,0.0839,0,0.187,0.425,169.964, 'audio_features',7iXHLtPosbHvglVSJ4rxLq', 'spotify:track:7iXHLtPosbHvglVSJ4rxLq',https://api.spotify.com/v1/tracks/7iXHLtPosbHvglVSJ4rxLq',https://api.spotify.com/v1/audio-analysis/7iXHLtPosbHvglVSJ4rxLq',236253,4
30,猫,DISH//,110916,https://open.spotify.com/track/6sIx7Cn37DGEhjy9hBP8Gx,0.506,0.769,3,-5.326,1,0.0363,0.113,0,0.0828,0.536,154.044, 'audio_features',6sIx7Cn37DGEhjy9hBP8Gx', 'spotify:track:6sIx7Cn37DGEhjy9hBP8Gx',https://api.spotify.com/v1/tracks/6sIx7Cn37DGEhjy9hBP8Gx',https://api.spotify.com/v1/audio-analysis/6sIx7Cn37DGEhjy9hBP8Gx',276040,4
115,ワタリドリ,[Alexandros],34707,https://open.spotify.com/track/0ve9Tpz8Yw0I4eXhWsy21o,0.508,0.964,9,-4.077,1,0.0831,0.00141,0,0.197,0.609,134.982, 'audio_features',0ve9Tpz8Yw0I4eXhWsy21o', 'spotify:track:0ve9Tpz8Yw0I4eXhWsy21o',https://api.spotify.com/v1/tracks/0ve9Tpz8Yw0I4eXhWsy21o',https://api.spotify.com/v1/audio-analysis/0ve9Tpz8Yw0I4eXhWsy21o',248707,4
146,silent,SEKAI NO OWARI,30131,https://open.spotify.com/track/7LsVUX6kePVHSohmWmAwaO,0.508,0.621,0,-5.319,1,0.0341,0.461,0,0.139,0.401,87.96, 'audio_features',7LsVUX6kePVHSohmWmAwaO', 'spotify:track:7LsVUX6kePVHSohmWmAwaO',https://api.spotify.com/v1/tracks/7LsVUX6kePVHSohmWmAwaO',https://api.spotify.com/v1/audio-analysis/7LsVUX6kePVHSohmWmAwaO',310373,4
37,115万キロのフィルム,Official HIGE DANdism,106949,https://open.spotify.com/track/278JqkBGkjDovOYAwE8TW7,0.516,0.791,3,-1.927,1,0.0318,0.00345,0,0.141,0.48,96.921, 'audio_features',278JqkBGkjDovOYAwE8TW7', 'spotify:track:278JqkBGkjDovOYAwE8TW7',https://api.spotify.com/v1/tracks/278JqkBGkjDovOYAwE8TW7',https://api.spotify.com/v1/audio-analysis/278JqkBGkjDovOYAwE8TW7',324633,4
191,花束,back number,24896,https://open.spotify.com/track/3QIAwtEEDOrv0g5NKCGrXZ,0.519,0.713,2,-3.612,1,0.0324,0.0178,0,0.353,0.505,159.963, 'audio_features',3QIAwtEEDOrv0g5NKCGrXZ', 'spotify:track:3QIAwtEEDOrv0g5NKCGrXZ',https://api.spotify.com/v1/tracks/3QIAwtEEDOrv0g5NKCGrXZ',https://api.spotify.com/v1/audio-analysis/3QIAwtEEDOrv0g5NKCGrXZ',286053,4
154,星を仰ぐ,Masaki Suda,28690,https://open.spotify.com/track/1xIytdeA5bfj2ONu4x9Mj3,0.523,0.5,1,-4.551,1,0.0262,0.034,0,0.105,0.468,78.015, 'audio_features',1xIytdeA5bfj2ONu4x9Mj3', 'spotify:track:1xIytdeA5bfj2ONu4x9Mj3',https://api.spotify.com/v1/tracks/1xIytdeA5bfj2ONu4x9Mj3',https://api.spotify.com/v1/audio-analysis/1xIytdeA5bfj2ONu4x9Mj3',293000,4
123,君はロックを聴かない,Aimyon,33501,https://open.spotify.com/track/59eluCMn0XbOWqeWQ91FTM,0.524,0.687,7,-4.039,1,0.0267,0.00135,0,0.169,0.619,99.919, 'audio_features',59eluCMn0XbOWqeWQ91FTM', 'spotify:track:59eluCMn0XbOWqeWQ91FTM',https://api.spotify.com/v1/tracks/59eluCMn0XbOWqeWQ91FTM',https://api.spotify.com/v1/audio-analysis/59eluCMn0XbOWqeWQ91FTM',246307,4
18,うっせぇわ,Ado,130517,https://open.spotify.com/track/6EzZn96uOc9JsVGNRpx06n,0.525,0.978,11,-1.072,0,0.0815,0.00485,0,0.06,0.577,178.069, 'audio_features',6EzZn96uOc9JsVGNRpx06n', 'spotify:track:6EzZn96uOc9JsVGNRpx06n',https://api.spotify.com/v1/tracks/6EzZn96uOc9JsVGNRpx06n',https://api.spotify.com/v1/audio-analysis/6EzZn96uOc9JsVGNRpx06n',204920,4
82,Lemon,Kenshi Yonezu,44534,https://open.spotify.com/track/04TshWXkhV1qkqHzf31Hn6,0.525,0.646,11,-4.963,1,0.0268,0.304,0,0.297,0.373,86.957, 'audio_features',04TshWXkhV1qkqHzf31Hn6', 'spotify:track:04TshWXkhV1qkqHzf31Hn6',https://api.spotify.com/v1/tracks/04TshWXkhV1qkqHzf31Hn6',https://api.spotify.com/v1/audio-analysis/04TshWXkhV1qkqHzf31Hn6',255827,4
184,別の人の彼女になったよ,wacci,25820,https://open.spotify.com/track/666wLEFj1AtTNBEcErygLz,0.528,0.617,2,-5.07,1,0.0263,0.0299,0,0.334,0.497,72.023, 'audio_features',666wLEFj1AtTNBEcErygLz', 'spotify:track:666wLEFj1AtTNBEcErygLz',https://api.spotify.com/v1/tracks/666wLEFj1AtTNBEcErygLz',https://api.spotify.com/v1/audio-analysis/666wLEFj1AtTNBEcErygLz',304813,4
86,インフェルノ,Mrs. GREEN APPLE,41727,https://open.spotify.com/track/2vOAHp8PBBFYqvQUWSoITY,0.533,0.918,4,-2.095,1,0.0616,0.00894,0,0.643,0.662,92.504, 'audio_features',2vOAHp8PBBFYqvQUWSoITY', 'spotify:track:2vOAHp8PBBFYqvQUWSoITY',https://api.spotify.com/v1/tracks/2vOAHp8PBBFYqvQUWSoITY',https://api.spotify.com/v1/audio-analysis/2vOAHp8PBBFYqvQUWSoITY',211600,4
67,Renegades,ONE OK ROCK,52324,https://open.spotify.com/track/3RpFwqdROrxJvHywpT1pJ4,0.534,0.842,5,-4.279,0,0.0567,0.00108,0.000321,0.117,0.342,153.946, 'audio_features',3RpFwqdROrxJvHywpT1pJ4', 'spotify:track:3RpFwqdROrxJvHywpT1pJ4',https://api.spotify.com/v1/tracks/3RpFwqdROrxJvHywpT1pJ4',https://api.spotify.com/v1/audio-analysis/3RpFwqdROrxJvHywpT1pJ4',244538,4
78,あの夢をなぞって,YOASOBI,46226,https://open.spotify.com/track/5ptl2PXkiSth54HCuGO7vN,0.534,0.794,8,-3.738,1,0.0402,0.334,0.00093,0.159,0.711,179.976, 'audio_features',5ptl2PXkiSth54HCuGO7vN', 'spotify:track:5ptl2PXkiSth54HCuGO7vN',https://api.spotify.com/v1/tracks/5ptl2PXkiSth54HCuGO7vN',https://api.spotify.com/v1/audio-analysis/5ptl2PXkiSth54HCuGO7vN',240747,4
104,まちがいさがし,Masaki Suda,36500,https://open.spotify.com/track/55Ww4Pa1iIQMhh0MLMetjo,0.534,0.642,2,-5.568,1,0.0372,0.523,0,0.39,0.443,155.921, 'audio_features',55Ww4Pa1iIQMhh0MLMetjo', 'spotify:track:55Ww4Pa1iIQMhh0MLMetjo',https://api.spotify.com/v1/tracks/55Ww4Pa1iIQMhh0MLMetjo',https://api.spotify.com/v1/audio-analysis/55Ww4Pa1iIQMhh0MLMetjo',223640,4
33,Pretender,Official HIGE DANdism,110097,https://open.spotify.com/track/15HNdxGKNCIO9pgaY4n7FU,0.538,0.869,8,-3.464,1,0.0275,0.047,0,0.14,0.369,91.972, 'audio_features',15HNdxGKNCIO9pgaY4n7FU', 'spotify:track:15HNdxGKNCIO9pgaY4n7FU',https://api.spotify.com/v1/tracks/15HNdxGKNCIO9pgaY4n7FU',https://api.spotify.com/v1/audio-analysis/15HNdxGKNCIO9pgaY4n7FU',326843,4
131,TEENAGE VIBE,kZm,32692,https://open.spotify.com/track/0X5j6Fw8077d74Q1WtyiqF,0.539,0.941,11,-4.645,0,0.29,0.0747,0,0.052,0.539,179.042, 'audio_features',0X5j6Fw8077d74Q1WtyiqF', 'spotify:track:0X5j6Fw8077d74Q1WtyiqF',https://api.spotify.com/v1/tracks/0X5j6Fw8077d74Q1WtyiqF',https://api.spotify.com/v1/audio-analysis/0X5j6Fw8077d74Q1WtyiqF',157582,4
44,I Love...,Official HIGE DANdism,98118,https://open.spotify.com/track/4pRqq3MwcqitKqNO8rOrOb,0.54,0.706,9,-5.235,1,0.0543,0.0171,0,0.225,0.385,172.021, 'audio_features',4pRqq3MwcqitKqNO8rOrOb', 'spotify:track:4pRqq3MwcqitKqNO8rOrOb',https://api.spotify.com/v1/tracks/4pRqq3MwcqitKqNO8rOrOb',https://api.spotify.com/v1/audio-analysis/4pRqq3MwcqitKqNO8rOrOb',282027,4
103,高嶺の花子さん,back number,36711,https://open.spotify.com/track/2jdbZGFp8KVTuk0YxDNL4l,0.54,0.923,9,-2.838,1,0.0623,0.066,0,0.124,0.343,137.977, 'audio_features',2jdbZGFp8KVTuk0YxDNL4l', 'spotify:track:2jdbZGFp8KVTuk0YxDNL4l',https://api.spotify.com/v1/tracks/2jdbZGFp8KVTuk0YxDNL4l',https://api.spotify.com/v1/audio-analysis/2jdbZGFp8KVTuk0YxDNL4l',294813,4
79,紅蓮華,LiSA,45941,https://open.spotify.com/track/0qMip0B2D4ePEjBJvAtYre,0.541,0.977,4,-2.828,0,0.157,0.00321,0.0000513,0.0796,0.263,134.938, 'audio_features',0qMip0B2D4ePEjBJvAtYre', 'spotify:track:0qMip0B2D4ePEjBJvAtYre',https://api.spotify.com/v1/tracks/0qMip0B2D4ePEjBJvAtYre',https://api.spotify.com/v1/audio-analysis/0qMip0B2D4ePEjBJvAtYre',237587,4
143,Yesterday,Official HIGE DANdism,30708,https://open.spotify.com/track/1kMlcLyljkrShV0LSdSGBz,0.541,0.8,6,-3.687,1,0.0382,0.0442,0,0.398,0.56,129.939, 'audio_features',1kMlcLyljkrShV0LSdSGBz', 'spotify:track:1kMlcLyljkrShV0LSdSGBz',https://api.spotify.com/v1/tracks/1kMlcLyljkrShV0LSdSGBz',https://api.spotify.com/v1/audio-analysis/1kMlcLyljkrShV0LSdSGBz',299164,4
72,グッバイ宣言,Chinozo,49081,https://open.spotify.com/track/2gbVuqze7bpndIy1q9rFvv,0.542,0.743,9,-11.51,0,0.0781,0.0324,0,0.267,0.916,169.916, 'audio_features',2gbVuqze7bpndIy1q9rFvv', 'spotify:track:2gbVuqze7bpndIy1q9rFvv',https://api.spotify.com/v1/tracks/2gbVuqze7bpndIy1q9rFvv',https://api.spotify.com/v1/audio-analysis/2gbVuqze7bpndIy1q9rFvv',172791,3
139,キンモクセイ,オレンジスパイニクラブ,31084,https://open.spotify.com/track/2yXTuH22VMVjFME060zJRv,0.544,0.761,5,-3.936,1,0.0362,0.092,0,0.18,0.322,105.035, 'audio_features',2yXTuH22VMVjFME060zJRv', 'spotify:track:2yXTuH22VMVjFME060zJRv',https://api.spotify.com/v1/tracks/2yXTuH22VMVjFME060zJRv',https://api.spotify.com/v1/audio-analysis/2yXTuH22VMVjFME060zJRv',231933,4
66,マリーゴールド,Aimyon,52885,https://open.spotify.com/track/2cKiHG16JBiqHdi7Llq0r7,0.545,0.745,2,-3.098,1,0.0286,0.0452,0,0.0907,0.413,106.094, 'audio_features',2cKiHG16JBiqHdi7Llq0r7', 'spotify:track:2cKiHG16JBiqHdi7Llq0r7',https://api.spotify.com/v1/tracks/2cKiHG16JBiqHdi7Llq0r7',https://api.spotify.com/v1/audio-analysis/2cKiHG16JBiqHdi7Llq0r7',306627,4
150,閃光,[Alexandros],29235,https://open.spotify.com/track/6orDsQsMy7BaqGoRWw3fVN,0.546,0.964,5,-3.923,0,0.057,0.000124,0.00000343,0.0802,0.481,104.057, 'audio_features',6orDsQsMy7BaqGoRWw3fVN', 'spotify:track:6orDsQsMy7BaqGoRWw3fVN',https://api.spotify.com/v1/tracks/6orDsQsMy7BaqGoRWw3fVN',https://api.spotify.com/v1/audio-analysis/6orDsQsMy7BaqGoRWw3fVN',265467,4
111,Shukumei,Official HIGE DANdism,35643,https://open.spotify.com/track/0XaHPBAzPAC5ubwcRBqc1p,0.547,0.577,5,-6.087,1,0.0336,0.0152,0,0.109,0.494,164.032, 'audio_features',0XaHPBAzPAC5ubwcRBqc1p', 'spotify:track:0XaHPBAzPAC5ubwcRBqc1p',https://api.spotify.com/v1/tracks/0XaHPBAzPAC5ubwcRBqc1p',https://api.spotify.com/v1/audio-analysis/0XaHPBAzPAC5ubwcRBqc1p',280856,4
199,Blue & Grey,BTS,24465,https://open.spotify.com/track/0n2moJpAEWHwaPYYjkzMDl,0.547,0.605,8,-6.755,1,0.0415,0.42,0,0.125,0.364,121.953, 'audio_features',0n2moJpAEWHwaPYYjkzMDl', 'spotify:track:0n2moJpAEWHwaPYYjkzMDl',https://api.spotify.com/v1/tracks/0n2moJpAEWHwaPYYjkzMDl',https://api.spotify.com/v1/audio-analysis/0n2moJpAEWHwaPYYjkzMDl',254950,4
26,虹,Masaki Suda,114223,https://open.spotify.com/track/7AIj86wFWqm7X1TZ2hzHwS,0.548,0.6,5,-5.049,1,0.0297,0.071,0,0.192,0.296,143.961, 'audio_features',7AIj86wFWqm7X1TZ2hzHwS', 'spotify:track:7AIj86wFWqm7X1TZ2hzHwS',https://api.spotify.com/v1/tracks/7AIj86wFWqm7X1TZ2hzHwS',https://api.spotify.com/v1/audio-analysis/7AIj86wFWqm7X1TZ2hzHwS',258733,4
29,春を告げる,yama,111302,https://open.spotify.com/track/2Gmyw5Vg2X5YW2lM3OC7nD,0.548,0.871,11,-5.377,1,0.123,0.0397,0,0.357,0.487,120.009, 'audio_features',2Gmyw5Vg2X5YW2lM3OC7nD', 'spotify:track:2Gmyw5Vg2X5YW2lM3OC7nD',https://api.spotify.com/v1/tracks/2Gmyw5Vg2X5YW2lM3OC7nD',https://api.spotify.com/v1/audio-analysis/2Gmyw5Vg2X5YW2lM3OC7nD',196497,4
52,CITRUS,Da-iCE,82072,https://open.spotify.com/track/2IL2asrtx7XM1y8fu2RMnR,0.549,0.861,1,-2.526,1,0.0459,0.22,0,0.361,0.739,82.042, 'audio_features',2IL2asrtx7XM1y8fu2RMnR', 'spotify:track:2IL2asrtx7XM1y8fu2RMnR',https://api.spotify.com/v1/tracks/2IL2asrtx7XM1y8fu2RMnR',https://api.spotify.com/v1/audio-analysis/2IL2asrtx7XM1y8fu2RMnR',248653,4
195,ともに,WANIMA,24729,https://open.spotify.com/track/6FHgHDXiGnRfhrSok9xAz3,0.553,0.968,6,-2.57,1,0.0534,0.00257,0,0.28,0.862,127.077, 'audio_features',6FHgHDXiGnRfhrSok9xAz3', 'spotify:track:6FHgHDXiGnRfhrSok9xAz3',https://api.spotify.com/v1/tracks/6FHgHDXiGnRfhrSok9xAz3',https://api.spotify.com/v1/audio-analysis/6FHgHDXiGnRfhrSok9xAz3',207369,4
109,ヴァンパイア,DECO*27,35915,https://open.spotify.com/track/0m9QPTZzjtqCWY9Jg8poHc,0.555,0.955,1,-4.073,0,0.048,0.0096,0,0.329,0.955,164.028, 'audio_features',0m9QPTZzjtqCWY9Jg8poHc', 'spotify:track:0m9QPTZzjtqCWY9Jg8poHc',https://api.spotify.com/v1/tracks/0m9QPTZzjtqCWY9Jg8poHc',https://api.spotify.com/v1/audio-analysis/0m9QPTZzjtqCWY9Jg8poHc',178235,4
179,FAKE LOVE,BTS,26154,https://open.spotify.com/track/3aW0ds4A4tSQDIp75FqWTo,0.557,0.719,2,-4.515,0,0.0372,0.00267,0,0.306,0.344,77.501, 'audio_features',3aW0ds4A4tSQDIp75FqWTo', 'spotify:track:3aW0ds4A4tSQDIp75FqWTo',https://api.spotify.com/v1/tracks/3aW0ds4A4tSQDIp75FqWTo',https://api.spotify.com/v1/audio-analysis/3aW0ds4A4tSQDIp75FqWTo',242334,4
34,裸の心,Aimyon,107943,https://open.spotify.com/track/4Jv7U0JJpbQnOrjtDwDZTZ,0.559,0.448,8,-4.11,1,0.0275,0.537,0.0000185,0.0915,0.354,148.02, 'audio_features',4Jv7U0JJpbQnOrjtDwDZTZ', 'spotify:track:4Jv7U0JJpbQnOrjtDwDZTZ',https://api.spotify.com/v1/tracks/4Jv7U0JJpbQnOrjtDwDZTZ',https://api.spotify.com/v1/audio-analysis/4Jv7U0JJpbQnOrjtDwDZTZ',296653,4
101,good 4 u,Olivia Rodrigo,37373,https://open.spotify.com/track/4ZtFanR9U6ndgddUvNcjcG,0.563,0.664,9,-5.044,1,0.154,0.335,0,0.0849,0.688,166.928, 'audio_features',4ZtFanR9U6ndgddUvNcjcG', 'spotify:track:4ZtFanR9U6ndgddUvNcjcG',https://api.spotify.com/v1/tracks/4ZtFanR9U6ndgddUvNcjcG',https://api.spotify.com/v1/audio-analysis/4ZtFanR9U6ndgddUvNcjcG',178147,4
92,愛を知るまでは,Aimyon,39755,https://open.spotify.com/track/5gh0y6ZmuppQvoPbAGkeE2,0.564,0.634,11,-4.13,1,0.0279,0.0531,0.0000031,0.128,0.683,110.073, 'audio_features',5gh0y6ZmuppQvoPbAGkeE2', 'spotify:track:5gh0y6ZmuppQvoPbAGkeE2',https://api.spotify.com/v1/tracks/5gh0y6ZmuppQvoPbAGkeE2',https://api.spotify.com/v1/audio-analysis/5gh0y6ZmuppQvoPbAGkeE2',276253,4
193,パラボラ,Official HIGE DANdism,24776,https://open.spotify.com/track/51JOzfozDdPMKxyEccRltg,0.564,0.765,0,-5.484,0,0.0328,0.00175,0,0.332,0.353,124.013, 'audio_features',51JOzfozDdPMKxyEccRltg', 'spotify:track:51JOzfozDdPMKxyEccRltg',https://api.spotify.com/v1/tracks/51JOzfozDdPMKxyEccRltg',https://api.spotify.com/v1/audio-analysis/51JOzfozDdPMKxyEccRltg',301060,4
60,Life Goes On,BTS,60809,https://open.spotify.com/track/249gnXrbfmV8NG6jTEMSwD,0.566,0.716,1,-5.733,1,0.0424,0.00691,0,0.37,0.45,81.068, 'audio_features',249gnXrbfmV8NG6jTEMSwD', 'spotify:track:249gnXrbfmV8NG6jTEMSwD',https://api.spotify.com/v1/tracks/249gnXrbfmV8NG6jTEMSwD',https://api.spotify.com/v1/audio-analysis/249gnXrbfmV8NG6jTEMSwD',207481,4
116,ノーダウト,Official HIGE DANdism,34672,https://open.spotify.com/track/5DMEvbg3gUmiR5HIBWdveV,0.574,0.936,2,-3.185,1,0.0701,0.0585,0,0.336,0.792,149.954, 'audio_features',5DMEvbg3gUmiR5HIBWdveV', 'spotify:track:5DMEvbg3gUmiR5HIBWdveV',https://api.spotify.com/v1/tracks/5DMEvbg3gUmiR5HIBWdveV',https://api.spotify.com/v1/audio-analysis/5DMEvbg3gUmiR5HIBWdveV',202395,4
174,アカリ,GReeeeN,26433,https://open.spotify.com/track/3ZpP91Kteco1MLtqgWHpHi,0.58,0.793,1,-7.383,1,0.135,0.118,0,0.157,0.567,170.045, 'audio_features',3ZpP91Kteco1MLtqgWHpHi', 'spotify:track:3ZpP91Kteco1MLtqgWHpHi',https://api.spotify.com/v1/tracks/3ZpP91Kteco1MLtqgWHpHi',https://api.spotify.com/v1/audio-analysis/3ZpP91Kteco1MLtqgWHpHi',177307,4
178,KING,Kanaria,26199,https://open.spotify.com/track/5vCNAauCaecW0tT2mZDLG9,0.58,0.783,8,-6.007,1,0.0628,0.0476,0.0163,0.111,0.926,165.996, 'audio_features',5vCNAauCaecW0tT2mZDLG9', 'spotify:track:5vCNAauCaecW0tT2mZDLG9',https://api.spotify.com/v1/tracks/5vCNAauCaecW0tT2mZDLG9',https://api.spotify.com/v1/audio-analysis/5vCNAauCaecW0tT2mZDLG9',135500,4
81,snow jam,Rin音,45336,https://open.spotify.com/track/6uUtmCz8XXep7n1QmC1jJG,0.583,0.627,1,-5.842,1,0.201,0.185,0,0.159,0.805,172.016, 'audio_features',6uUtmCz8XXep7n1QmC1jJG', 'spotify:track:6uUtmCz8XXep7n1QmC1jJG',https://api.spotify.com/v1/tracks/6uUtmCz8XXep7n1QmC1jJG',https://api.spotify.com/v1/audio-analysis/6uUtmCz8XXep7n1QmC1jJG',185379,4
152,ON,BTS,28960,https://open.spotify.com/track/3cbLHmmEPvTgHKvl53WYiy,0.583,0.817,9,-5.146,0,0.099,0.118,0,0.338,0.437,105.935, 'audio_features',3cbLHmmEPvTgHKvl53WYiy', 'spotify:track:3cbLHmmEPvTgHKvl53WYiy',https://api.spotify.com/v1/tracks/3cbLHmmEPvTgHKvl53WYiy',https://api.spotify.com/v1/audio-analysis/3cbLHmmEPvTgHKvl53WYiy',246381,4
28,Kaikai Kitan,Eve,112553,https://open.spotify.com/track/6y4GYuZszeXNOXuBFsJlos,0.584,0.911,5,-3.515,0,0.09,0.0119,0,0.119,0.606,92.502, 'audio_features',6y4GYuZszeXNOXuBFsJlos', 'spotify:track:6y4GYuZszeXNOXuBFsJlos',https://api.spotify.com/v1/tracks/6y4GYuZszeXNOXuBFsJlos',https://api.spotify.com/v1/audio-analysis/6y4GYuZszeXNOXuBFsJlos',221426,4
170,Love so sweet,ARASHI,26865,https://open.spotify.com/track/5I6JLJqnZICLvPebTj2YCm,0.584,0.849,0,-3.983,1,0.0403,0.1,0,0.304,0.707,139.032, 'audio_features',5I6JLJqnZICLvPebTj2YCm', 'spotify:track:5I6JLJqnZICLvPebTj2YCm',https://api.spotify.com/v1/tracks/5I6JLJqnZICLvPebTj2YCm',https://api.spotify.com/v1/audio-analysis/5I6JLJqnZICLvPebTj2YCm',289846,4
113,Leave The Door Open,Bruno Mars,35082,https://open.spotify.com/track/7MAibcTli4IisCtbHKrGMh,0.586,0.616,5,-7.964,1,0.0324,0.182,0,0.0927,0.719,148.088, 'audio_features',7MAibcTli4IisCtbHKrGMh', 'spotify:track:7MAibcTli4IisCtbHKrGMh',https://api.spotify.com/v1/tracks/7MAibcTli4IisCtbHKrGMh',https://api.spotify.com/v1/audio-analysis/7MAibcTli4IisCtbHKrGMh',242096,4
165,旅路,Fujii Kaze,27256,https://open.spotify.com/track/1EM9pvygHqQm03as6sxLg9,0.59,0.556,9,-7.124,1,0.07,0.0711,0.00000324,0.08,0.749,171.936, 'audio_features',1EM9pvygHqQm03as6sxLg9', 'spotify:track:1EM9pvygHqQm03as6sxLg9',https://api.spotify.com/v1/tracks/1EM9pvygHqQm03as6sxLg9',https://api.spotify.com/v1/audio-analysis/1EM9pvygHqQm03as6sxLg9',277333,4
55,STAY (with Justin Bieber),The Kid LAROI,74941,https://open.spotify.com/track/5PjdY0CKGZdEuoNab3yDmX,0.591,0.764,1,-5.484,1,0.0483,0.0383,0,0.103,0.478,169.928, 'audio_features',5PjdY0CKGZdEuoNab3yDmX', 'spotify:track:5PjdY0CKGZdEuoNab3yDmX',https://api.spotify.com/v1/tracks/5PjdY0CKGZdEuoNab3yDmX',https://api.spotify.com/v1/audio-analysis/5PjdY0CKGZdEuoNab3yDmX',141806,4
95,One Last Kiss,Hikaru Utada,37788,https://open.spotify.com/track/5RhWszHMSKzb7KiXk4Ae0M,0.592,0.54,8,-11.249,0,0.0587,0.692,0.00187,0.0965,0.354,111.955, 'audio_features',5RhWszHMSKzb7KiXk4Ae0M', 'spotify:track:5RhWszHMSKzb7KiXk4Ae0M',https://api.spotify.com/v1/tracks/5RhWszHMSKzb7KiXk4Ae0M',https://api.spotify.com/v1/audio-analysis/5RhWszHMSKzb7KiXk4Ae0M',252027,4
137,ハルノヒ,Aimyon,31324,https://open.spotify.com/track/1oNeSCt0CMekCyyLo06kFs,0.592,0.672,9,-2.447,1,0.0294,0.261,0,0.109,0.523,106.948, 'audio_features',1oNeSCt0CMekCyyLo06kFs', 'spotify:track:1oNeSCt0CMekCyyLo06kFs',https://api.spotify.com/v1/tracks/1oNeSCt0CMekCyyLo06kFs',https://api.spotify.com/v1/audio-analysis/1oNeSCt0CMekCyyLo06kFs',326867,4
176,ピースサイン,Kenshi Yonezu,26333,https://open.spotify.com/track/5aHfGUxRec6c41luxkDqhX,0.593,0.935,10,-3.853,0,0.0684,0.00221,0,0.315,0.618,100.003, 'audio_features',5aHfGUxRec6c41luxkDqhX', 'spotify:track:5aHfGUxRec6c41luxkDqhX',https://api.spotify.com/v1/tracks/5aHfGUxRec6c41luxkDqhX',https://api.spotify.com/v1/audio-analysis/5aHfGUxRec6c41luxkDqhX',238533,4
61,MIRROR MIRROR,HIRAIDAI,58905,https://open.spotify.com/track/0Sp31BXc9dedQnfKYCiojE,0.595,0.642,11,-4.895,1,0.0544,0.178,0,0.091,0.562,157.674, 'audio_features',0Sp31BXc9dedQnfKYCiojE', 'spotify:track:0Sp31BXc9dedQnfKYCiojE',https://api.spotify.com/v1/tracks/0Sp31BXc9dedQnfKYCiojE',https://api.spotify.com/v1/audio-analysis/0Sp31BXc9dedQnfKYCiojE',186650,4
117,DNA,BTS,34652,https://open.spotify.com/track/5SE57ljOIUJ1ybL9U6CuBH,0.598,0.775,1,-4.035,0,0.0545,0.022,0,0.0677,0.687,129.819, 'audio_features',5SE57ljOIUJ1ybL9U6CuBH', 'spotify:track:5SE57ljOIUJ1ybL9U6CuBH',https://api.spotify.com/v1/tracks/5SE57ljOIUJ1ybL9U6CuBH',https://api.spotify.com/v1/audio-analysis/5SE57ljOIUJ1ybL9U6CuBH',223123,4
157,ロマンチシズム,Mrs. GREEN APPLE,28316,https://open.spotify.com/track/0JcI7OdALbpSFkyKoufRYs,0.598,0.878,10,-3.144,1,0.0634,0.0038,0,0.0468,0.901,125.529, 'audio_features',0JcI7OdALbpSFkyKoufRYs', 'spotify:track:0JcI7OdALbpSFkyKoufRYs',https://api.spotify.com/v1/tracks/0JcI7OdALbpSFkyKoufRYs',https://api.spotify.com/v1/audio-analysis/0JcI7OdALbpSFkyKoufRYs',213613,4
45,白日,King Gnu,97177,https://open.spotify.com/track/172fMG26G2OoEzzg0wn26r,0.599,0.891,1,-3.242,1,0.116,0.562,0,0.322,0.694,93.029, 'audio_features',172fMG26G2OoEzzg0wn26r', 'spotify:track:172fMG26G2OoEzzg0wn26r',https://api.spotify.com/v1/tracks/172fMG26G2OoEzzg0wn26r',https://api.spotify.com/v1/audio-analysis/172fMG26G2OoEzzg0wn26r',276373,4
15,シャッター,優里,142478,https://open.spotify.com/track/6VwpOZpqx8IqoF201VGAp8,0.606,0.525,5,-7.432,1,0.0356,0.511,0,0.33,0.665,74.979, 'audio_features',6VwpOZpqx8IqoF201VGAp8', 'spotify:track:6VwpOZpqx8IqoF201VGAp8',https://api.spotify.com/v1/tracks/6VwpOZpqx8IqoF201VGAp8',https://api.spotify.com/v1/audio-analysis/6VwpOZpqx8IqoF201VGAp8',247333,4
132,Romeo+Juliet -Love goes on-,HIRAIDAI,32324,https://open.spotify.com/track/3wYzd4dzWknPdgwNaPGQvg,0.607,0.605,3,-6.05,1,0.159,0.0696,0,0.454,0.665,83.913, 'audio_features',3wYzd4dzWknPdgwNaPGQvg', 'spotify:track:3wYzd4dzWknPdgwNaPGQvg',https://api.spotify.com/v1/tracks/3wYzd4dzWknPdgwNaPGQvg',https://api.spotify.com/v1/audio-analysis/3wYzd4dzWknPdgwNaPGQvg',191474,4
125,Lights,BTS,33370,https://open.spotify.com/track/3TDUktzfYXMWjkWqwoT5F1,0.608,0.644,5,-5.588,1,0.0314,0.156,0,0.124,0.431,99.005, 'audio_features',3TDUktzfYXMWjkWqwoT5F1', 'spotify:track:3TDUktzfYXMWjkWqwoT5F1',https://api.spotify.com/v1/tracks/3TDUktzfYXMWjkWqwoT5F1',https://api.spotify.com/v1/audio-analysis/3TDUktzfYXMWjkWqwoT5F1',292853,4
182,MONTERO (Call Me By Your Name),Lil Nas X,25904,https://open.spotify.com/track/67BtfxlNbhBmCDR2L2l8qd,0.61,0.508,8,-6.682,0,0.152,0.297,0,0.384,0.758,178.818, 'audio_features',67BtfxlNbhBmCDR2L2l8qd', 'spotify:track:67BtfxlNbhBmCDR2L2l8qd',https://api.spotify.com/v1/tracks/67BtfxlNbhBmCDR2L2l8qd',https://api.spotify.com/v1/audio-analysis/67BtfxlNbhBmCDR2L2l8qd',137876,4
102,Monster,YOASOBI,37067,https://open.spotify.com/track/7M9lc2hHXKQobbHQ31Yg2v,0.615,0.868,1,-3.571,1,0.105,0.0681,0,0.234,0.69,170.054, 'audio_features',7M9lc2hHXKQobbHQ31Yg2v', 'spotify:track:7M9lc2hHXKQobbHQ31Yg2v',https://api.spotify.com/v1/tracks/7M9lc2hHXKQobbHQ31Yg2v',https://api.spotify.com/v1/audio-analysis/7M9lc2hHXKQobbHQ31Yg2v',205000,4
140,恋唄,Shota Shimizu,31044,https://open.spotify.com/track/3nmMpo6n2NcX6rU0TiQRXf,0.615,0.507,8,-8.076,1,0.0275,0.335,0.000462,0.0826,0.435,140.028, 'audio_features',3nmMpo6n2NcX6rU0TiQRXf', 'spotify:track:3nmMpo6n2NcX6rU0TiQRXf',https://api.spotify.com/v1/tracks/3nmMpo6n2NcX6rU0TiQRXf',https://api.spotify.com/v1/audio-analysis/3nmMpo6n2NcX6rU0TiQRXf',300893,4
62,Mela!,Ryokuoushoku Shakai,58759,https://open.spotify.com/track/6IO5nn84TKArsi3cjpIqaD,0.619,0.941,8,-1.618,1,0.0584,0.0439,0.0000173,0.318,0.624,137.967, 'audio_features',6IO5nn84TKArsi3cjpIqaD', 'spotify:track:6IO5nn84TKArsi3cjpIqaD',https://api.spotify.com/v1/tracks/6IO5nn84TKArsi3cjpIqaD',https://api.spotify.com/v1/audio-analysis/6IO5nn84TKArsi3cjpIqaD',242067,4
35,魔法の絨毯,Takaya Kawasaki,107860,https://open.spotify.com/track/3PK5ERLCyMuQ5Cb89GbZVL,0.622,0.309,10,-6.291,0,0.0481,0.776,0,0.122,0.571,73.897, 'audio_features',3PK5ERLCyMuQ5Cb89GbZVL', 'spotify:track:3PK5ERLCyMuQ5Cb89GbZVL',https://api.spotify.com/v1/tracks/3PK5ERLCyMuQ5Cb89GbZVL',https://api.spotify.com/v1/audio-analysis/3PK5ERLCyMuQ5Cb89GbZVL',208896,4
85,Answer,幾田りら,42989,https://open.spotify.com/track/5hVAQTNarrb3lmWqg9Ens4,0.622,0.475,0,-6.199,1,0.036,0.512,0,0.127,0.388,79.954, 'audio_features',5hVAQTNarrb3lmWqg9Ens4', 'spotify:track:5hVAQTNarrb3lmWqg9Ens4',https://api.spotify.com/v1/tracks/5hVAQTNarrb3lmWqg9Ens4',https://api.spotify.com/v1/audio-analysis/5hVAQTNarrb3lmWqg9Ens4',246000,4
186,打上花火,Daoko,25407,https://open.spotify.com/track/4IouQaO9GkaHC7AtMErdSa,0.625,0.668,6,-4.315,1,0.0249,0.288,0,0.107,0.292,95.968, 'audio_features',4IouQaO9GkaHC7AtMErdSa', 'spotify:track:4IouQaO9GkaHC7AtMErdSa',https://api.spotify.com/v1/tracks/4IouQaO9GkaHC7AtMErdSa',https://api.spotify.com/v1/audio-analysis/4IouQaO9GkaHC7AtMErdSa',289578,4
8,怪物,YOASOBI,193167,https://open.spotify.com/track/06XQvnJb53SUYmlWIhUXUi,0.627,0.824,1,-3.419,1,0.118,0.0699,0.0000657,0.31,0.774,169.935, 'audio_features',06XQvnJb53SUYmlWIhUXUi', 'spotify:track:06XQvnJb53SUYmlWIhUXUi',https://api.spotify.com/v1/tracks/06XQvnJb53SUYmlWIhUXUi',https://api.spotify.com/v1/audio-analysis/06XQvnJb53SUYmlWIhUXUi',206000,4
142,東京フラッシュ,Vaundy,30724,https://open.spotify.com/track/0jPZf5231RdBUMLFG1HqXi,0.628,0.634,2,-5.508,1,0.0322,0.00255,0.00000724,0.0456,0.606,97.99, 'audio_features',0jPZf5231RdBUMLFG1HqXi', 'spotify:track:0jPZf5231RdBUMLFG1HqXi',https://api.spotify.com/v1/tracks/0jPZf5231RdBUMLFG1HqXi',https://api.spotify.com/v1/audio-analysis/0jPZf5231RdBUMLFG1HqXi',258859,4
63,ピーターパン,優里,58298,https://open.spotify.com/track/0Ic9yiyHCoRCSvPoqTagat,0.629,0.91,11,-3.463,0,0.0507,0.0357,0,0.11,0.426,111.965, 'audio_features',0Ic9yiyHCoRCSvPoqTagat', 'spotify:track:0Ic9yiyHCoRCSvPoqTagat',https://api.spotify.com/v1/tracks/0Ic9yiyHCoRCSvPoqTagat',https://api.spotify.com/v1/audio-analysis/0Ic9yiyHCoRCSvPoqTagat',214587,4
39,感電,Kenshi Yonezu,105398,https://open.spotify.com/track/6H0PLsSYMzDOqhLgyOlzIj,0.633,0.723,8,-5.733,0,0.143,0.107,0,0.0818,0.688,103.101, 'audio_features',6H0PLsSYMzDOqhLgyOlzIj', 'spotify:track:6H0PLsSYMzDOqhLgyOlzIj',https://api.spotify.com/v1/tracks/6H0PLsSYMzDOqhLgyOlzIj',https://api.spotify.com/v1/audio-analysis/6H0PLsSYMzDOqhLgyOlzIj',264533,4
42,猫 ?THE FIRST TAKE ver.?,DISH//,99770,https://open.spotify.com/track/25BJRpLBe3i6d8okphoRAm,0.635,0.578,8,-6.749,1,0.132,0.539,0,0.115,0.584,77.065, 'audio_features',25BJRpLBe3i6d8okphoRAm', 'spotify:track:25BJRpLBe3i6d8okphoRAm',https://api.spotify.com/v1/tracks/25BJRpLBe3i6d8okphoRAm',https://api.spotify.com/v1/audio-analysis/25BJRpLBe3i6d8okphoRAm',273893,4
20,怪盗,back number,127691,https://open.spotify.com/track/10Eyo4juZQFthKqlJgGMdp,0.636,0.847,7,-2.093,1,0.037,0.407,0,0.295,0.8,114.028, 'audio_features',10Eyo4juZQFthKqlJgGMdp', 'spotify:track:10Eyo4juZQFthKqlJgGMdp',https://api.spotify.com/v1/tracks/10Eyo4juZQFthKqlJgGMdp',https://api.spotify.com/v1/audio-analysis/10Eyo4juZQFthKqlJgGMdp',196226,4
126,Euphoria,BTS,33143,https://open.spotify.com/track/3p6hnejEQYXkiTO1lAzVc0,0.637,0.799,2,-4.519,1,0.0338,0.394,0,0.0921,0.562,104.995, 'audio_features',3p6hnejEQYXkiTO1lAzVc0', 'spotify:track:3p6hnejEQYXkiTO1lAzVc0',https://api.spotify.com/v1/tracks/3p6hnejEQYXkiTO1lAzVc0',https://api.spotify.com/v1/audio-analysis/3p6hnejEQYXkiTO1lAzVc0',228615,4
129,HANABI,Mr.Children,33022,https://open.spotify.com/track/0AU7xhipAm9Saq0k8A9Iua,0.638,0.766,1,-5.541,1,0.0268,0.157,0,0.124,0.595,112.005, 'audio_features',0AU7xhipAm9Saq0k8A9Iua', 'spotify:track:0AU7xhipAm9Saq0k8A9Iua',https://api.spotify.com/v1/tracks/0AU7xhipAm9Saq0k8A9Iua',https://api.spotify.com/v1/audio-analysis/0AU7xhipAm9Saq0k8A9Iua',342773,4
48,桜が降る夜は,Aimyon,95013,https://open.spotify.com/track/1iEsGutpDvMJG0zYqoKKmQ,0.641,0.957,5,-2.574,1,0.0455,0.384,0.00000105,0.218,0.71,106.995, 'audio_features',1iEsGutpDvMJG0zYqoKKmQ', 'spotify:track:1iEsGutpDvMJG0zYqoKKmQ',https://api.spotify.com/v1/tracks/1iEsGutpDvMJG0zYqoKKmQ',https://api.spotify.com/v1/audio-analysis/1iEsGutpDvMJG0zYqoKKmQ',274800,4
147,キセキ,GReeeeN,29860,https://open.spotify.com/track/7ztdl6cnbJgHRdMkKldkts,0.641,0.618,0,-4.269,1,0.0259,0.0932,0,0.155,0.338,90.032, 'audio_features',7ztdl6cnbJgHRdMkKldkts', 'spotify:track:7ztdl6cnbJgHRdMkKldkts',https://api.spotify.com/v1/tracks/7ztdl6cnbJgHRdMkKldkts',https://api.spotify.com/v1/audio-analysis/7ztdl6cnbJgHRdMkKldkts',271160,4
56,YOKAZE,HENTAI SHINSHI CLUB,69262,https://open.spotify.com/track/6tkSMR8bEIfEcJn7ybJtSP,0.642,0.587,10,-5.53,1,0.0268,0.293,0,0.0784,0.361,89.96, 'audio_features',6tkSMR8bEIfEcJn7ybJtSP', 'spotify:track:6tkSMR8bEIfEcJn7ybJtSP',https://api.spotify.com/v1/tracks/6tkSMR8bEIfEcJn7ybJtSP',https://api.spotify.com/v1/audio-analysis/6tkSMR8bEIfEcJn7ybJtSP',269547,4
187,馬と鹿,Kenshi Yonezu,25403,https://open.spotify.com/track/0iniTNHwqBiP4UDE1dgUpD,0.643,0.447,3,-6.411,1,0.0256,0.0978,0,0.286,0.676,91.019, 'audio_features',0iniTNHwqBiP4UDE1dgUpD', 'spotify:track:0iniTNHwqBiP4UDE1dgUpD',https://api.spotify.com/v1/tracks/0iniTNHwqBiP4UDE1dgUpD',https://api.spotify.com/v1/audio-analysis/0iniTNHwqBiP4UDE1dgUpD',265333,4
64,Boy With Luv (feat. Halsey),BTS,56012,https://open.spotify.com/track/5KawlOMHjWeUjQtnuRs22c,0.645,0.862,11,-4.757,0,0.0965,0.0923,0,0.192,0.798,119.991, 'audio_features',5KawlOMHjWeUjQtnuRs22c', 'spotify:track:5KawlOMHjWeUjQtnuRs22c',https://api.spotify.com/v1/tracks/5KawlOMHjWeUjQtnuRs22c',https://api.spotify.com/v1/audio-analysis/5KawlOMHjWeUjQtnuRs22c',229773,4
136,花に亡霊,ヨルシカ,31593,https://open.spotify.com/track/3FUqp10RhCmMjyyB9extmo,0.646,0.45,4,-6.628,1,0.0482,0.573,0,0.0768,0.413,90.01, 'audio_features',3FUqp10RhCmMjyyB9extmo', 'spotify:track:3FUqp10RhCmMjyyB9extmo',https://api.spotify.com/v1/tracks/3FUqp10RhCmMjyyB9extmo',https://api.spotify.com/v1/audio-analysis/3FUqp10RhCmMjyyB9extmo',241227,4
83,シル・ヴ・プレジデント,P丸様｡,44172,https://open.spotify.com/track/0nW1Aes1arNyR1fzEKXS2m,0.647,0.9,1,-2.383,1,0.113,0.0237,0.0225,0.314,0.746,175.926, 'audio_features',0nW1Aes1arNyR1fzEKXS2m', 'spotify:track:0nW1Aes1arNyR1fzEKXS2m',https://api.spotify.com/v1/tracks/0nW1Aes1arNyR1fzEKXS2m',https://api.spotify.com/v1/audio-analysis/0nW1Aes1arNyR1fzEKXS2m',190493,4
91,CHILDAYS,BLOOM VASE,40055,https://open.spotify.com/track/1g1AXdio16Yh5SXgPBXcfq,0.647,0.814,2,-2.57,1,0.0469,0.389,0,0.171,0.915,78.999, 'audio_features',1g1AXdio16Yh5SXgPBXcfq', 'spotify:track:1g1AXdio16Yh5SXgPBXcfq',https://api.spotify.com/v1/tracks/1g1AXdio16Yh5SXgPBXcfq',https://api.spotify.com/v1/audio-analysis/1g1AXdio16Yh5SXgPBXcfq',190272,4
148,Into The Night,YOASOBI,29654,https://open.spotify.com/track/0JyJVPi4IBCgj2wTRKb0yN,0.647,0.859,0,-5.558,0,0.0295,0.00496,0,0.312,0.78,130.024, 'audio_features',0JyJVPi4IBCgj2wTRKb0yN', 'spotify:track:0JyJVPi4IBCgj2wTRKb0yN',https://api.spotify.com/v1/tracks/0JyJVPi4IBCgj2wTRKb0yN',https://api.spotify.com/v1/audio-analysis/0JyJVPi4IBCgj2wTRKb0yN',262154,4
93,正しくなれない,ZUTOMAYO,39039,https://open.spotify.com/track/2FHexlZenTsS3lsjUYHiDx,0.648,0.679,5,-3.959,1,0.0361,0.036,0.00000546,0.127,0.484,118.67, 'audio_features',2FHexlZenTsS3lsjUYHiDx', 'spotify:track:2FHexlZenTsS3lsjUYHiDx',https://api.spotify.com/v1/tracks/2FHexlZenTsS3lsjUYHiDx',https://api.spotify.com/v1/audio-analysis/2FHexlZenTsS3lsjUYHiDx',240067,4
69,Our Style,WILYWNKA,51443,https://open.spotify.com/track/2r31qQymHkEhfXlaBewBNb,0.65,0.687,9,-4.455,1,0.112,0.175,0.0000209,0.0344,0.806,92.05, 'audio_features',2r31qQymHkEhfXlaBewBNb', 'spotify:track:2r31qQymHkEhfXlaBewBNb',https://api.spotify.com/v1/tracks/2r31qQymHkEhfXlaBewBNb',https://api.spotify.com/v1/audio-analysis/2r31qQymHkEhfXlaBewBNb',242486,4
188,Save Your Tears (with Ariana Grande) (Remix),The Weeknd,25375,https://open.spotify.com/track/37BZB0z9T8Xu7U3e65qxFy,0.65,0.825,0,-4.645,1,0.0325,0.0215,0.0000244,0.0936,0.593,118.091, 'audio_features',37BZB0z9T8Xu7U3e65qxFy', 'spotify:track:37BZB0z9T8Xu7U3e65qxFy',https://api.spotify.com/v1/tracks/37BZB0z9T8Xu7U3e65qxFy',https://api.spotify.com/v1/audio-analysis/37BZB0z9T8Xu7U3e65qxFy',191014,4
194,だから僕は音楽を辞めた,ヨルシカ,24765,https://open.spotify.com/track/5j7ixaLeGTGSv4DzKs0pCM,0.65,0.88,4,-5.326,1,0.0283,0.36,0.00369,0.23,0.921,124.985, 'audio_features',5j7ixaLeGTGSv4DzKs0pCM', 'spotify:track:5j7ixaLeGTGSv4DzKs0pCM',https://api.spotify.com/v1/tracks/5j7ixaLeGTGSv4DzKs0pCM',https://api.spotify.com/v1/audio-analysis/5j7ixaLeGTGSv4DzKs0pCM',242913,4
10,U,millennium parade,182751,https://open.spotify.com/track/32H7fwKsaYtSl6qiXFI6I6,0.651,0.913,9,-5.667,0,0.0384,0.0437,0.00133,0.311,0.736,120.028, 'audio_features',32H7fwKsaYtSl6qiXFI6I6', 'spotify:track:32H7fwKsaYtSl6qiXFI6I6',https://api.spotify.com/v1/tracks/32H7fwKsaYtSl6qiXFI6I6',https://api.spotify.com/v1/audio-analysis/32H7fwKsaYtSl6qiXFI6I6',187267,4
27,ギラギラ,Ado,113733,https://open.spotify.com/track/7D7GCO3CtDT1WDcj2W5VDV,0.651,0.861,2,-4.128,1,0.0568,0.052,0,0.0878,0.731,96.014, 'audio_features',7D7GCO3CtDT1WDcj2W5VDV', 'spotify:track:7D7GCO3CtDT1WDcj2W5VDV',https://api.spotify.com/v1/tracks/7D7GCO3CtDT1WDcj2W5VDV',https://api.spotify.com/v1/audio-analysis/7D7GCO3CtDT1WDcj2W5VDV',276213,4
180,秒針を噛む,ZUTOMAYO,26133,https://open.spotify.com/track/4HgsPAX3MmMgIT60hJ4W4U,0.655,0.962,1,-3.055,0,0.0443,0.0197,0.00000556,0.253,0.775,129.902, 'audio_features',4HgsPAX3MmMgIT60hJ4W4U', 'spotify:track:4HgsPAX3MmMgIT60hJ4W4U',https://api.spotify.com/v1/tracks/4HgsPAX3MmMgIT60hJ4W4U',https://api.spotify.com/v1/audio-analysis/4HgsPAX3MmMgIT60hJ4W4U',260800,4
53,Curtain Call,Shota Shimizu,80378,https://open.spotify.com/track/3JzAKk0CpUlgzS1mPqzBwk,0.656,0.582,0,-5.85,1,0.0329,0.189,0,0.243,0.401,85.004, 'audio_features',3JzAKk0CpUlgzS1mPqzBwk', 'spotify:track:3JzAKk0CpUlgzS1mPqzBwk',https://api.spotify.com/v1/tracks/3JzAKk0CpUlgzS1mPqzBwk',https://api.spotify.com/v1/audio-analysis/3JzAKk0CpUlgzS1mPqzBwk',267587,4
119,I CAN'T STOP ME,TWICE,34052,https://open.spotify.com/track/3apeXzypBMnUfYcZYNX6DH,0.657,0.88,10,-3.672,0,0.102,0.121,0,0.463,0.769,150.084, 'audio_features',3apeXzypBMnUfYcZYNX6DH', 'spotify:track:3apeXzypBMnUfYcZYNX6DH',https://api.spotify.com/v1/tracks/3apeXzypBMnUfYcZYNX6DH',https://api.spotify.com/v1/audio-analysis/3apeXzypBMnUfYcZYNX6DH',205493,4
169,レディメイド,Ado,26873,https://open.spotify.com/track/6IP3GvRj6Rc65rly1rIHq5,0.659,0.876,5,-1.779,0,0.0626,0.0291,0,0.252,0.591,97.535, 'audio_features',6IP3GvRj6Rc65rly1rIHq5', 'spotify:track:6IP3GvRj6Rc65rly1rIHq5',https://api.spotify.com/v1/tracks/6IP3GvRj6Rc65rly1rIHq5',https://api.spotify.com/v1/audio-analysis/6IP3GvRj6Rc65rly1rIHq5',244378,4
16,"Stand by me, Stand by you.",HIRAIDAI,140460,https://open.spotify.com/track/7DyS11kB1YNrfDzQqtjmTh,0.66,0.576,3,-5.627,1,0.0363,0.0879,0,0.0599,0.561,80.978, 'audio_features',7DyS11kB1YNrfDzQqtjmTh', 'spotify:track:7DyS11kB1YNrfDzQqtjmTh',https://api.spotify.com/v1/tracks/7DyS11kB1YNrfDzQqtjmTh',https://api.spotify.com/v1/audio-analysis/7DyS11kB1YNrfDzQqtjmTh',193013,4
110,ブルーベリー・ナイツ,Macaroni Empitsu,35812,https://open.spotify.com/track/2UdvMWk0Z83lMJPbawy2Sm,0.66,0.865,5,-3.642,1,0.0277,0.278,0,0.0931,0.772,106.008, 'audio_features',2UdvMWk0Z83lMJPbawy2Sm', 'spotify:track:2UdvMWk0Z83lMJPbawy2Sm',https://api.spotify.com/v1/tracks/2UdvMWk0Z83lMJPbawy2Sm',https://api.spotify.com/v1/audio-analysis/2UdvMWk0Z83lMJPbawy2Sm',244869,4
54,花占い,Vaundy,78874,https://open.spotify.com/track/4X34YVOtNvldHeEt6aLYDW,0.662,0.789,7,-7.634,0,0.0305,0.0141,0,0.317,0.881,135.01, 'audio_features',4X34YVOtNvldHeEt6aLYDW', 'spotify:track:4X34YVOtNvldHeEt6aLYDW',https://api.spotify.com/v1/tracks/4X34YVOtNvldHeEt6aLYDW',https://api.spotify.com/v1/audio-analysis/4X34YVOtNvldHeEt6aLYDW',207556,4
196,Permission to Dance (R&B Remix),BTS,24577,https://open.spotify.com/track/2iLgHSA5ar3kJKUWvegGPm,0.662,0.597,9,-5.569,1,0.031,0.0726,0,0.103,0.351,120.021, 'audio_features',2iLgHSA5ar3kJKUWvegGPm', 'spotify:track:2iLgHSA5ar3kJKUWvegGPm',https://api.spotify.com/v1/tracks/2iLgHSA5ar3kJKUWvegGPm',https://api.spotify.com/v1/audio-analysis/2iLgHSA5ar3kJKUWvegGPm',216157,4
6,夜に駆ける,YOASOBI,198933,https://open.spotify.com/track/6MCjmGYlw6mQVWRFVgBRvB,0.663,0.871,8,-5.287,1,0.03,0.00299,0.0000018,0.337,0.826,130.025, 'audio_features',6MCjmGYlw6mQVWRFVgBRvB', 'spotify:track:6MCjmGYlw6mQVWRFVgBRvB',https://api.spotify.com/v1/tracks/6MCjmGYlw6mQVWRFVgBRvB',https://api.spotify.com/v1/audio-analysis/6MCjmGYlw6mQVWRFVgBRvB',258840,4
89,夜のピエロ,Ado,40975,https://open.spotify.com/track/59bPgyrdKgjWkcjxcYoaox,0.663,0.819,3,-2.325,1,0.174,0.0615,0,0.295,0.658,119.951, 'audio_features',59bPgyrdKgjWkcjxcYoaox', 'spotify:track:59bPgyrdKgjWkcjxcYoaox',https://api.spotify.com/v1/tracks/59bPgyrdKgjWkcjxcYoaox',https://api.spotify.com/v1/audio-analysis/59bPgyrdKgjWkcjxcYoaox',200713,4
133,Slow & Easy,HIRAIDAI,32200,https://open.spotify.com/track/4b5oBON2DgamONUxvP4JyQ,0.663,0.807,0,-4.229,1,0.0441,0.634,0,0.0972,0.767,77.971, 'audio_features',4b5oBON2DgamONUxvP4JyQ', 'spotify:track:4b5oBON2DgamONUxvP4JyQ',https://api.spotify.com/v1/tracks/4b5oBON2DgamONUxvP4JyQ',https://api.spotify.com/v1/audio-analysis/4b5oBON2DgamONUxvP4JyQ',215120,4
138,Don't Go Yet,Camila Cabello,31291,https://open.spotify.com/track/1058fW9H3fZA6QjYCdOBad,0.666,0.796,10,-6.967,0,0.103,0.0492,0,0.0442,0.61,110.108, 'audio_features',1058fW9H3fZA6QjYCdOBad', 'spotify:track:1058fW9H3fZA6QjYCdOBad',https://api.spotify.com/v1/tracks/1058fW9H3fZA6QjYCdOBad',https://api.spotify.com/v1/audio-analysis/1058fW9H3fZA6QjYCdOBad',164842,4
164,Ready to love,SEVENTEEN,27663,https://open.spotify.com/track/2FymmKBuog0loCuNXMwQID,0.668,0.705,9,-5.731,0,0.0356,0.0274,0,0.215,0.549,129.984, 'audio_features',2FymmKBuog0loCuNXMwQID', 'spotify:track:2FymmKBuog0loCuNXMwQID',https://api.spotify.com/v1/tracks/2FymmKBuog0loCuNXMwQID',https://api.spotify.com/v1/audio-analysis/2FymmKBuog0loCuNXMwQID',186760,4
38,かくれんぼ,優里,106059,https://open.spotify.com/track/0JTjZnuciQH4M3620aMDtZ,0.671,0.505,9,-7.575,1,0.0629,0.417,0,0.124,0.311,156.019, 'audio_features',0JTjZnuciQH4M3620aMDtZ', 'spotify:track:0JTjZnuciQH4M3620aMDtZ',https://api.spotify.com/v1/tracks/0JTjZnuciQH4M3620aMDtZ',https://api.spotify.com/v1/audio-analysis/0JTjZnuciQH4M3620aMDtZ',271093,4
14,もう少しだけ,YOASOBI,144342,https://open.spotify.com/track/2pXmohBUnD5Li93sgpbPSg,0.675,0.746,8,-5.531,1,0.0288,0.12,0,0.121,0.533,99.99, 'audio_features',2pXmohBUnD5Li93sgpbPSg', 'spotify:track:2pXmohBUnD5Li93sgpbPSg',https://api.spotify.com/v1/tracks/2pXmohBUnD5Li93sgpbPSg',https://api.spotify.com/v1/audio-analysis/2pXmohBUnD5Li93sgpbPSg',220201,4
159,第六感,Reol,28045,https://open.spotify.com/track/22sQUmLhT8umlEhQzDrzfJ,0.675,0.959,7,-1.754,1,0.0835,0.00893,0.0000848,0.325,0.835,134.017, 'audio_features',22sQUmLhT8umlEhQzDrzfJ', 'spotify:track:22sQUmLhT8umlEhQzDrzfJ',https://api.spotify.com/v1/tracks/22sQUmLhT8umlEhQzDrzfJ',https://api.spotify.com/v1/audio-analysis/22sQUmLhT8umlEhQzDrzfJ',191625,4
84,Peaches (feat. Daniel Caesar & Giveon),Justin Bieber,43374,https://open.spotify.com/track/4iJyoBOLtHqaGxP12qzhQI,0.677,0.696,0,-6.181,1,0.119,0.321,0,0.42,0.464,90.03, 'audio_features',4iJyoBOLtHqaGxP12qzhQI', 'spotify:track:4iJyoBOLtHqaGxP12qzhQI',https://api.spotify.com/v1/tracks/4iJyoBOLtHqaGxP12qzhQI',https://api.spotify.com/v1/audio-analysis/4iJyoBOLtHqaGxP12qzhQI',198082,4
77,ただ君に晴れ,ヨルシカ,46250,https://open.spotify.com/track/3wJHCry960drNlAUGrJLmz,0.679,0.834,5,-3.223,1,0.032,0.343,0.00000574,0.119,0.962,139.996, 'audio_features',3wJHCry960drNlAUGrJLmz', 'spotify:track:3wJHCry960drNlAUGrJLmz',https://api.spotify.com/v1/tracks/3wJHCry960drNlAUGrJLmz',https://api.spotify.com/v1/audio-analysis/3wJHCry960drNlAUGrJLmz',198971,4
94,Ordinary days,milet,38515,https://open.spotify.com/track/6D5E8pz4YKYrjY9BqROTox,0.681,0.603,6,-5.963,1,0.0304,0.157,0,0.126,0.261,98.951, 'audio_features',6D5E8pz4YKYrjY9BqROTox', 'spotify:track:6D5E8pz4YKYrjY9BqROTox',https://api.spotify.com/v1/tracks/6D5E8pz4YKYrjY9BqROTox',https://api.spotify.com/v1/audio-analysis/6D5E8pz4YKYrjY9BqROTox',271453,4
24,アンコール,YOASOBI,117004,https://open.spotify.com/track/465JzFiajJO59sUrDFsxdC,0.682,0.669,2,-4.741,1,0.0275,0.283,0.000001,0.145,0.831,81.999, 'audio_features',465JzFiajJO59sUrDFsxdC', 'spotify:track:465JzFiajJO59sUrDFsxdC',https://api.spotify.com/v1/tracks/465JzFiajJO59sUrDFsxdC',https://api.spotify.com/v1/audio-analysis/465JzFiajJO59sUrDFsxdC',271440,4
76,世界の秘密,Vaundy,46352,https://open.spotify.com/track/2T7ZvJAtL7xK04ww5rbmvo,0.683,0.53,6,-6.749,0,0.0614,0.142,0,0.0978,0.823,159.969, 'audio_features',2T7ZvJAtL7xK04ww5rbmvo', 'spotify:track:2T7ZvJAtL7xK04ww5rbmvo',https://api.spotify.com/v1/tracks/2T7ZvJAtL7xK04ww5rbmvo',https://api.spotify.com/v1/audio-analysis/2T7ZvJAtL7xK04ww5rbmvo',221250,4
151,Myra,Tani Yuuki,29065,https://open.spotify.com/track/5wc4f6crkCzAvwNhoEeMhh,0.683,0.318,0,-13.335,1,0.0349,0.71,0.0000905,0.167,0.587,144.027, 'audio_features',5wc4f6crkCzAvwNhoEeMhh', 'spotify:track:5wc4f6crkCzAvwNhoEeMhh',https://api.spotify.com/v1/tracks/5wc4f6crkCzAvwNhoEeMhh',https://api.spotify.com/v1/audio-analysis/5wc4f6crkCzAvwNhoEeMhh',255000,4
59,Perfect World,TWICE,61594,https://open.spotify.com/track/0iuZMy88H6vxDA2oaJNhJg,0.684,0.877,3,-2.322,0,0.0611,0.0477,0,0.344,0.599,134.98, 'audio_features',0iuZMy88H6vxDA2oaJNhJg', 'spotify:track:0iuZMy88H6vxDA2oaJNhJg',https://api.spotify.com/v1/tracks/0iuZMy88H6vxDA2oaJNhJg',https://api.spotify.com/v1/audio-analysis/0iuZMy88H6vxDA2oaJNhJg',182680,4
25,ハルジオン,YOASOBI,115287,https://open.spotify.com/track/08YwAPnX8sygJUXG9rvhDv,0.687,0.873,8,-3.852,1,0.0335,0.0545,0,0.318,0.884,130.024, 'audio_features',08YwAPnX8sygJUXG9rvhDv', 'spotify:track:08YwAPnX8sygJUXG9rvhDv',https://api.spotify.com/v1/tracks/08YwAPnX8sygJUXG9rvhDv',https://api.spotify.com/v1/audio-analysis/08YwAPnX8sygJUXG9rvhDv',198600,4
21,Pale Blue,Kenshi Yonezu,124989,https://open.spotify.com/track/52RfEh76AVKPwtUtTV9ufl,0.688,0.457,2,-8.635,1,0.0487,0.206,0.0000151,0.406,0.445,87.99, 'audio_features',52RfEh76AVKPwtUtTV9ufl', 'spotify:track:52RfEh76AVKPwtUtTV9ufl',https://api.spotify.com/v1/tracks/52RfEh76AVKPwtUtTV9ufl',https://api.spotify.com/v1/audio-analysis/52RfEh76AVKPwtUtTV9ufl',296547,4
80,Alcohol-Free,TWICE,45425,https://open.spotify.com/track/3iPbmpKBMflYd7UjdYftoj,0.688,0.909,8,-1.992,1,0.0624,0.0474,0.00000135,0.0674,0.702,97.097, 'audio_features',3iPbmpKBMflYd7UjdYftoj', 'spotify:track:3iPbmpKBMflYd7UjdYftoj',https://api.spotify.com/v1/tracks/3iPbmpKBMflYd7UjdYftoj',https://api.spotify.com/v1/audio-analysis/3iPbmpKBMflYd7UjdYftoj',210573,4
177,きらきら,もさを。,26235,https://open.spotify.com/track/5eXXJJuejAUkggSgIINU1V,0.688,0.753,11,-3.681,1,0.0302,0.376,0,0.232,0.622,105.016, 'audio_features',5eXXJJuejAUkggSgIINU1V', 'spotify:track:5eXXJJuejAUkggSgIINU1V',https://api.spotify.com/v1/tracks/5eXXJJuejAUkggSgIINU1V',https://api.spotify.com/v1/audio-analysis/5eXXJJuejAUkggSgIINU1V',180000,4
41,不可幸力,Vaundy,101358,https://open.spotify.com/track/18nkY3pJTub8WwEGiQAGh4,0.69,0.815,11,-5.227,0,0.0426,0.0157,0.00000285,0.0636,0.613,94.032, 'audio_features',18nkY3pJTub8WwEGiQAGh4', 'spotify:track:18nkY3pJTub8WwEGiQAGh4',https://api.spotify.com/v1/tracks/18nkY3pJTub8WwEGiQAGh4',https://api.spotify.com/v1/audio-analysis/18nkY3pJTub8WwEGiQAGh4',200243,4
175,tears,SEKAI NO OWARI,26370,https://open.spotify.com/track/0JdhwZEjrq4afFtt0yDruZ,0.698,0.889,7,-6.581,1,0.0813,0.132,0.000541,0.267,0.61,119.926, 'audio_features',0JdhwZEjrq4afFtt0yDruZ', 'spotify:track:0JdhwZEjrq4afFtt0yDruZ',https://api.spotify.com/v1/tracks/0JdhwZEjrq4afFtt0yDruZ',https://api.spotify.com/v1/audio-analysis/0JdhwZEjrq4afFtt0yDruZ',223880,4
198,すきにやる,HENTAI SHINSHI CLUB,24490,https://open.spotify.com/track/1ZAf544wBzejgwnvenHYLU,0.7,0.689,1,-7.016,1,0.0857,0.15,0,0.156,0.713,93.132, 'audio_features',1ZAf544wBzejgwnvenHYLU', 'spotify:track:1ZAf544wBzejgwnvenHYLU',https://api.spotify.com/v1/tracks/1ZAf544wBzejgwnvenHYLU',https://api.spotify.com/v1/audio-analysis/1ZAf544wBzejgwnvenHYLU',217037,4
1,Permission to Dance,BTS,319703,https://open.spotify.com/track/5eXBXreN3d1zdj6Sa8dS0u,0.702,0.741,9,-5.33,1,0.0427,0.00544,0,0.337,0.646,124.925, 'audio_features',5eXBXreN3d1zdj6Sa8dS0u', 'spotify:track:5eXBXreN3d1zdj6Sa8dS0u',https://api.spotify.com/v1/tracks/5eXBXreN3d1zdj6Sa8dS0u',https://api.spotify.com/v1/audio-analysis/5eXBXreN3d1zdj6Sa8dS0u',187585,4
87,Levitating (feat. DaBaby),Dua Lipa,41248,https://open.spotify.com/track/5nujrmhLynf4yMoMtj8AQF,0.702,0.825,6,-3.787,0,0.0601,0.00883,0,0.0674,0.915,102.977, 'audio_features',5nujrmhLynf4yMoMtj8AQF', 'spotify:track:5nujrmhLynf4yMoMtj8AQF',https://api.spotify.com/v1/tracks/5nujrmhLynf4yMoMtj8AQF',https://api.spotify.com/v1/audio-analysis/5nujrmhLynf4yMoMtj8AQF',203064,4
13,踊,Ado,158227,https://open.spotify.com/track/7z6qHGEKxRtwtYym2epV7l,0.707,0.965,1,-0.736,1,0.105,0.15,0.00000138,0.726,0.777,128.003, 'audio_features',7z6qHGEKxRtwtYym2epV7l', 'spotify:track:7z6qHGEKxRtwtYym2epV7l',https://api.spotify.com/v1/tracks/7z6qHGEKxRtwtYym2epV7l',https://api.spotify.com/v1/audio-analysis/7z6qHGEKxRtwtYym2epV7l',208271,4
58,題名のない今日,HIRAIDAI,64304,https://open.spotify.com/track/6skNbV22epX2yHu4O2hYSx,0.707,0.479,11,-6.088,1,0.0328,0.2,0,0.384,0.633,87.012, 'audio_features',6skNbV22epX2yHu4O2hYSx', 'spotify:track:6skNbV22epX2yHu4O2hYSx',https://api.spotify.com/v1/tracks/6skNbV22epX2yHu4O2hYSx',https://api.spotify.com/v1/audio-analysis/6skNbV22epX2yHu4O2hYSx',193709,4
156,Feel Special,TWICE,28516,https://open.spotify.com/track/14rWuS6yllHOdfZ8sZsZUj,0.709,0.959,1,-1.339,1,0.0603,0.0296,0.00188,0.107,0.644,128.983, 'audio_features',14rWuS6yllHOdfZ8sZsZUj', 'spotify:track:14rWuS6yllHOdfZ8sZsZUj',https://api.spotify.com/v1/tracks/14rWuS6yllHOdfZ8sZsZUj',https://api.spotify.com/v1/audio-analysis/14rWuS6yllHOdfZ8sZsZUj',206868,4
31,ハルカ,YOASOBI,110424,https://open.spotify.com/track/5D9MPWdY2hjSeTIGE5n5kv,0.712,0.817,1,-5.123,1,0.0279,0.0717,0.00000721,0.146,0.679,100.016, 'audio_features',5D9MPWdY2hjSeTIGE5n5kv', 'spotify:track:5D9MPWdY2hjSeTIGE5n5kv',https://api.spotify.com/v1/tracks/5D9MPWdY2hjSeTIGE5n5kv',https://api.spotify.com/v1/audio-analysis/5D9MPWdY2hjSeTIGE5n5kv',243613,4
200,再会 (produced by Ayase),LiSA,24425,https://open.spotify.com/track/52IsIvHidofM9JMjw78Jyz,0.713,0.606,7,-5.718,0,0.0328,0.315,0,0.262,0.492,90.005, 'audio_features',52IsIvHidofM9JMjw78Jyz', 'spotify:track:52IsIvHidofM9JMjw78Jyz',https://api.spotify.com/v1/tracks/52IsIvHidofM9JMjw78Jyz',https://api.spotify.com/v1/audio-analysis/52IsIvHidofM9JMjw78Jyz',242167,4
97,Beggin',Maneskin,37667,https://open.spotify.com/track/3Wrjm47oTz2sjIgck11l5e,0.714,0.8,11,-4.808,0,0.0504,0.127,0,0.359,0.589,134.002, 'audio_features',3Wrjm47oTz2sjIgck11l5e', 'spotify:track:3Wrjm47oTz2sjIgck11l5e',https://api.spotify.com/v1/tracks/3Wrjm47oTz2sjIgck11l5e',https://api.spotify.com/v1/audio-analysis/3Wrjm47oTz2sjIgck11l5e',211560,4
75,優しい彗星,YOASOBI,46500,https://open.spotify.com/track/19fhOFi6pNGeZe5uiFlm7c,0.715,0.722,5,-4.62,1,0.0348,0.197,0,0.114,0.522,89.995, 'audio_features',19fhOFi6pNGeZe5uiFlm7c', 'spotify:track:19fhOFi6pNGeZe5uiFlm7c',https://api.spotify.com/v1/tracks/19fhOFi6pNGeZe5uiFlm7c',https://api.spotify.com/v1/audio-analysis/19fhOFi6pNGeZe5uiFlm7c',215333,4
106,Skate,Bruno Mars,36389,https://open.spotify.com/track/2sXf2JdbB2GlNju00kw9WE,0.719,0.631,5,-7.779,1,0.0312,0.0384,0,0.109,0.761,111.982, 'audio_features',2sXf2JdbB2GlNju00kw9WE', 'spotify:track:2sXf2JdbB2GlNju00kw9WE',https://api.spotify.com/v1/tracks/2sXf2JdbB2GlNju00kw9WE',https://api.spotify.com/v1/audio-analysis/2sXf2JdbB2GlNju00kw9WE',203123,4
74,Stay Gold,BTS,48297,https://open.spotify.com/track/3Ys2PYl1wyPKQIwyqhP9cQ,0.723,0.634,1,-5.415,1,0.0542,0.0892,0,0.0787,0.582,129.017, 'audio_features',3Ys2PYl1wyPKQIwyqhP9cQ', 'spotify:track:3Ys2PYl1wyPKQIwyqhP9cQ',https://api.spotify.com/v1/tracks/3Ys2PYl1wyPKQIwyqhP9cQ',https://api.spotify.com/v1/audio-analysis/3Ys2PYl1wyPKQIwyqhP9cQ',243267,4
17,あいつら全員同窓会,ZUTOMAYO,139056,https://open.spotify.com/track/2VIK6jaaKghS4QPHr6sAkv,0.724,0.913,2,-2.836,0,0.118,0.453,0,0.052,0.913,130.968, 'audio_features',2VIK6jaaKghS4QPHr6sAkv', 'spotify:track:2VIK6jaaKghS4QPHr6sAkv',https://api.spotify.com/v1/tracks/2VIK6jaaKghS4QPHr6sAkv',https://api.spotify.com/v1/audio-analysis/2VIK6jaaKghS4QPHr6sAkv',254507,4
11,群青,YOASOBI,176918,https://open.spotify.com/track/1zd35Y44Blc1CwwVbW3Qnk,0.725,0.853,10,-3.193,1,0.0516,0.305,0,0.115,0.707,134.991, 'audio_features',1zd35Y44Blc1CwwVbW3Qnk', 'spotify:track:1zd35Y44Blc1CwwVbW3Qnk',https://api.spotify.com/v1/tracks/1zd35Y44Blc1CwwVbW3Qnk',https://api.spotify.com/v1/audio-analysis/1zd35Y44Blc1CwwVbW3Qnk',248027,4
163,GOOD and BAD,HENTAI SHINSHI CLUB,27670,https://open.spotify.com/track/4MSCgvCx2X24vwBQM9fmGV,0.728,0.803,5,-4.699,0,0.0341,0.0833,0,0.211,0.826,89.983, 'audio_features',4MSCgvCx2X24vwBQM9fmGV', 'spotify:track:4MSCgvCx2X24vwBQM9fmGV',https://api.spotify.com/v1/tracks/4MSCgvCx2X24vwBQM9fmGV',https://api.spotify.com/v1/audio-analysis/4MSCgvCx2X24vwBQM9fmGV',175156,4
127,Kura Kura,TWICE,33106,https://open.spotify.com/track/3sroak7dIqGRGmC6VQVDtg,0.734,0.714,7,-4.351,1,0.0986,0.166,0,0.0648,0.761,130.999, 'audio_features',3sroak7dIqGRGmC6VQVDtg', 'spotify:track:3sroak7dIqGRGmC6VQVDtg',https://api.spotify.com/v1/tracks/3sroak7dIqGRGmC6VQVDtg',https://api.spotify.com/v1/audio-analysis/3sroak7dIqGRGmC6VQVDtg',227747,4
166,IDOL,BTS,27092,https://open.spotify.com/track/2AIWoHr9DF6y4KALCBKWQS,0.734,0.855,9,-3.211,1,0.118,0.00481,0,0.123,0.422,126.035, 'audio_features',2AIWoHr9DF6y4KALCBKWQS', 'spotify:track:2AIWoHr9DF6y4KALCBKWQS',https://api.spotify.com/v1/tracks/2AIWoHr9DF6y4KALCBKWQS',https://api.spotify.com/v1/audio-analysis/2AIWoHr9DF6y4KALCBKWQS',222732,4
46,Take a picture,NiziU,97026,https://open.spotify.com/track/0iEzzJ3zmNQqATy2MilumS,0.736,0.871,1,-4.139,1,0.0577,0.0504,0.000831,0.313,0.739,127.945, 'audio_features',0iEzzJ3zmNQqATy2MilumS', 'spotify:track:0iEzzJ3zmNQqATy2MilumS',https://api.spotify.com/v1/tracks/0iEzzJ3zmNQqATy2MilumS',https://api.spotify.com/v1/audio-analysis/0iEzzJ3zmNQqATy2MilumS',181347,4
120,INDUSTRY BABY (feat. Jack Harlow),Lil Nas X,33902,https://open.spotify.com/track/27NovPIUIRrOZoCHxABJwK,0.736,0.704,3,-7.409,0,0.0615,0.0203,0,0.0501,0.894,149.995, 'audio_features',27NovPIUIRrOZoCHxABJwK', 'spotify:track:27NovPIUIRrOZoCHxABJwK',https://api.spotify.com/v1/tracks/27NovPIUIRrOZoCHxABJwK',https://api.spotify.com/v1/audio-analysis/27NovPIUIRrOZoCHxABJwK',212000,4
3,Dynamite,BTS,241242,https://open.spotify.com/track/4saklk6nie3yiGePpBwUoc,0.746,0.765,6,-4.41,0,0.0993,0.0112,0,0.0936,0.737,114.044, 'audio_features',4saklk6nie3yiGePpBwUoc', 'spotify:track:4saklk6nie3yiGePpBwUoc',https://api.spotify.com/v1/tracks/4saklk6nie3yiGePpBwUoc',https://api.spotify.com/v1/audio-analysis/4saklk6nie3yiGePpBwUoc',199054,4
7,きらり,Fujii Kaze,196922,https://open.spotify.com/track/3ciqhcLmXP4hVGBD98QlEj,0.746,0.764,2,-6.833,1,0.0462,0.00803,0,0.357,0.701,116.982, 'audio_features',3ciqhcLmXP4hVGBD98QlEj', 'spotify:track:3ciqhcLmXP4hVGBD98QlEj',https://api.spotify.com/v1/tracks/3ciqhcLmXP4hVGBD98QlEj',https://api.spotify.com/v1/audio-analysis/3ciqhcLmXP4hVGBD98QlEj',231883,4
162,Pop Corn,BLOOM VASE,27754,https://open.spotify.com/track/0T2ccREtAzxRQLvKKWSxjH,0.746,0.757,7,-4.149,1,0.0414,0.547,0.00000104,0.094,0.712,87.509, 'audio_features',0T2ccREtAzxRQLvKKWSxjH', 'spotify:track:0T2ccREtAzxRQLvKKWSxjH',https://api.spotify.com/v1/tracks/0T2ccREtAzxRQLvKKWSxjH',https://api.spotify.com/v1/audio-analysis/0T2ccREtAzxRQLvKKWSxjH',157714,4
47,たぶん,YOASOBI,95715,https://open.spotify.com/track/398dL22bDbKbAmiOnPaq7o,0.748,0.661,5,-6.702,1,0.0334,0.157,0.00102,0.101,0.743,90.003, 'audio_features',398dL22bDbKbAmiOnPaq7o', 'spotify:track:398dL22bDbKbAmiOnPaq7o',https://api.spotify.com/v1/tracks/398dL22bDbKbAmiOnPaq7o',https://api.spotify.com/v1/audio-analysis/398dL22bDbKbAmiOnPaq7o',256773,4
23,不思議,Gen Hoshino,119468,https://open.spotify.com/track/6NKn02oJDkUkRa9IHbMe3n,0.753,0.574,3,-4.57,1,0.0483,0.0512,0.00000371,0.141,0.527,89.024, 'audio_features',6NKn02oJDkUkRa9IHbMe3n', 'spotify:track:6NKn02oJDkUkRa9IHbMe3n',https://api.spotify.com/v1/tracks/6NKn02oJDkUkRa9IHbMe3n',https://api.spotify.com/v1/audio-analysis/6NKn02oJDkUkRa9IHbMe3n',290000,4
22,Bluma to Lunch,BLOOM VASE,121950,https://open.spotify.com/track/3EYWY7XBj1BkCKX3R3hoZk,0.756,0.726,7,-5.388,1,0.0489,0.034,0.000455,0.119,0.792,123.98, 'audio_features',3EYWY7XBj1BkCKX3R3hoZk', 'spotify:track:3EYWY7XBj1BkCKX3R3hoZk',https://api.spotify.com/v1/tracks/3EYWY7XBj1BkCKX3R3hoZk',https://api.spotify.com/v1/audio-analysis/3EYWY7XBj1BkCKX3R3hoZk',159040,4
192,Savage Love (Laxed ? Siren Beat) [BTS Remix],Jawsh 685,24886,https://open.spotify.com/track/4TgxFMOn5yoESW6zCidCXL,0.758,0.598,0,-5.695,0,0.0868,0.16,0,0.295,0.658,149.836, 'audio_features',4TgxFMOn5yoESW6zCidCXL', 'spotify:track:4TgxFMOn5yoESW6zCidCXL',https://api.spotify.com/v1/tracks/4TgxFMOn5yoESW6zCidCXL',https://api.spotify.com/v1/audio-analysis/4TgxFMOn5yoESW6zCidCXL',184905,4
2,Butter,BTS,315990,https://open.spotify.com/track/2bgTY4UwhfBYhGT4HUYStN,0.759,0.459,8,-5.187,1,0.0948,0.00323,0,0.0906,0.695,109.997, 'audio_features',2bgTY4UwhfBYhGT4HUYStN', 'spotify:track:2bgTY4UwhfBYhGT4HUYStN',https://api.spotify.com/v1/tracks/2bgTY4UwhfBYhGT4HUYStN',https://api.spotify.com/v1/audio-analysis/2bgTY4UwhfBYhGT4HUYStN',164442,4
73,春泥棒,ヨルシカ,48653,https://open.spotify.com/track/1rr2DJOxV0sHXeUXCAz1yf,0.762,0.595,5,-6.777,1,0.0445,0.103,0.0000471,0.115,0.858,125.047, 'audio_features',1rr2DJOxV0sHXeUXCAz1yf', 'spotify:track:1rr2DJOxV0sHXeUXCAz1yf',https://api.spotify.com/v1/tracks/1rr2DJOxV0sHXeUXCAz1yf',https://api.spotify.com/v1/audio-analysis/1rr2DJOxV0sHXeUXCAz1yf',290289,4
130,Kiss Me More (feat. SZA),Doja Cat,32913,https://open.spotify.com/track/3DarAbFujv6eYNliUTyqtz,0.764,0.705,8,-3.463,1,0.0284,0.259,0.0000892,0.12,0.781,110.97, 'audio_features',3DarAbFujv6eYNliUTyqtz', 'spotify:track:3DarAbFujv6eYNliUTyqtz',https://api.spotify.com/v1/tracks/3DarAbFujv6eYNliUTyqtz',https://api.spotify.com/v1/audio-analysis/3DarAbFujv6eYNliUTyqtz',208667,4
141,ぎゅっと。,もさを。,31021,https://open.spotify.com/track/6nqfKM9JvQIiuAuzWZFvGW,0.773,0.363,4,-7.304,1,0.0383,0.814,0,0.103,0.774,119.994, 'audio_features',6nqfKM9JvQIiuAuzWZFvGW', 'spotify:track:6nqfKM9JvQIiuAuzWZFvGW',https://api.spotify.com/v1/tracks/6nqfKM9JvQIiuAuzWZFvGW',https://api.spotify.com/v1/audio-analysis/6nqfKM9JvQIiuAuzWZFvGW',269747,4
49,Make you happy,NiziU,94661,https://open.spotify.com/track/1LnJVIG1BaHTRznuOgR0yc,0.78,0.885,7,-3.745,1,0.122,0.0436,0.000028,0.105,0.808,160.087, 'audio_features',1LnJVIG1BaHTRznuOgR0yc', 'spotify:track:1LnJVIG1BaHTRznuOgR0yc',https://api.spotify.com/v1/tracks/1LnJVIG1BaHTRznuOgR0yc',https://api.spotify.com/v1/audio-analysis/1LnJVIG1BaHTRznuOgR0yc',184521,4
134,ヨワネハキ,MAISONdes,31825,https://open.spotify.com/track/0FOVGBW0RpVRuDuUuN4ZVw,0.78,0.814,7,-3.617,1,0.0291,0.0432,0.0000828,0.168,0.59,108.025, 'audio_features',0FOVGBW0RpVRuDuUuN4ZVw', 'spotify:track:0FOVGBW0RpVRuDuUuN4ZVw',https://api.spotify.com/v1/tracks/0FOVGBW0RpVRuDuUuN4ZVw',https://api.spotify.com/v1/audio-analysis/0FOVGBW0RpVRuDuUuN4ZVw',166967,4
100,Poppin' Shakin',NiziU,37378,https://open.spotify.com/track/0jfFu1W96AlrsMqXSZZlSt,0.781,0.865,4,-5.218,1,0.0798,0.0921,0.0169,0.0879,0.746,123.986, 'audio_features',0jfFu1W96AlrsMqXSZZlSt', 'spotify:track:0jfFu1W96AlrsMqXSZZlSt',https://api.spotify.com/v1/tracks/0jfFu1W96AlrsMqXSZZlSt',https://api.spotify.com/v1/audio-analysis/0jfFu1W96AlrsMqXSZZlSt',192754,4
51,Buddy,HIRAIDAI,82822,https://open.spotify.com/track/7xfPyBgb9om8iUooItxHl8,0.786,0.482,6,-6.82,1,0.0477,0.156,0,0.34,0.617,89.992, 'audio_features',7xfPyBgb9om8iUooItxHl8', 'spotify:track:7xfPyBgb9om8iUooItxHl8',https://api.spotify.com/v1/tracks/7xfPyBgb9om8iUooItxHl8',https://api.spotify.com/v1/audio-analysis/7xfPyBgb9om8iUooItxHl8',174233,4
155,Telepathy,BTS,28676,https://open.spotify.com/track/2FVpOsjT1iquZ3SpCjZ9Ne,0.787,0.669,5,-4.333,0,0.0428,0.00782,0,0.123,0.57,104.994, 'audio_features',2FVpOsjT1iquZ3SpCjZ9Ne', 'spotify:track:2FVpOsjT1iquZ3SpCjZ9Ne',https://api.spotify.com/v1/tracks/2FVpOsjT1iquZ3SpCjZ9Ne',https://api.spotify.com/v1/audio-analysis/2FVpOsjT1iquZ3SpCjZ9Ne',202313,4
172,あかるいみらい,Mom,26673,https://open.spotify.com/track/5AUqOlLEL6ZmJnsezOHGqd,0.794,0.752,8,-5.564,0,0.266,0.0886,0.0000272,0.108,0.691,79.994, 'audio_features',5AUqOlLEL6ZmJnsezOHGqd', 'spotify:track:5AUqOlLEL6ZmJnsezOHGqd',https://api.spotify.com/v1/tracks/5AUqOlLEL6ZmJnsezOHGqd',https://api.spotify.com/v1/audio-analysis/5AUqOlLEL6ZmJnsezOHGqd',131789,4
71,死神,Kenshi Yonezu,49411,https://open.spotify.com/track/3tw4Jysd48kMcKsdnGYLee,0.807,0.653,2,-6.308,1,0.0443,0.0349,0.00000908,0.111,0.939,119.019, 'audio_features',3tw4Jysd48kMcKsdnGYLee', 'spotify:track:3tw4Jysd48kMcKsdnGYLee',https://api.spotify.com/v1/tracks/3tw4Jysd48kMcKsdnGYLee',https://api.spotify.com/v1/audio-analysis/3tw4Jysd48kMcKsdnGYLee',180760,4
70,Bad Habits,Ed Sheeran,51076,https://open.spotify.com/track/6PQ88X9TkUIAUIZJHW2upE,0.808,0.897,11,-3.712,0,0.0348,0.0469,0.0000314,0.364,0.591,126.026, 'audio_features',6PQ88X9TkUIAUIZJHW2upE', 'spotify:track:6PQ88X9TkUIAUIZJHW2upE',https://api.spotify.com/v1/tracks/6PQ88X9TkUIAUIZJHW2upE',https://api.spotify.com/v1/audio-analysis/6PQ88X9TkUIAUIZJHW2upE',231041,4
197,My Way,Def Tech,24542,https://open.spotify.com/track/2ttzli3A7SOXUvMv69xEKs,0.816,0.719,6,-7.064,1,0.108,0.321,0,0.139,0.635,100.023, 'audio_features',2ttzli3A7SOXUvMv69xEKs', 'spotify:track:2ttzli3A7SOXUvMv69xEKs',https://api.spotify.com/v1/tracks/2ttzli3A7SOXUvMv69xEKs',https://api.spotify.com/v1/audio-analysis/2ttzli3A7SOXUvMv69xEKs',305000,4
173,My Resort,\ellow Bucks,26489,https://open.spotify.com/track/7p21ty59l7gtfhDX7rifLa,0.824,0.752,9,-4.496,1,0.035,0.0314,0.00000393,0.122,0.739,117.991, 'audio_features',7p21ty59l7gtfhDX7rifLa', 'spotify:track:7p21ty59l7gtfhDX7rifLa',https://api.spotify.com/v1/tracks/7p21ty59l7gtfhDX7rifLa',https://api.spotify.com/v1/audio-analysis/7p21ty59l7gtfhDX7rifLa',132813,4
112,Shape of You,Ed Sheeran,35427,https://open.spotify.com/track/7qiZfU4dY1lWllzX7mPBI3,0.825,0.652,1,-3.183,0,0.0802,0.581,0,0.0931,0.931,95.977, 'audio_features',7qiZfU4dY1lWllzX7mPBI3', 'spotify:track:7qiZfU4dY1lWllzX7mPBI3',https://api.spotify.com/v1/tracks/7qiZfU4dY1lWllzX7mPBI3',https://api.spotify.com/v1/audio-analysis/7qiZfU4dY1lWllzX7mPBI3',233713,4
105,Super Summer,NiziU,36402,https://open.spotify.com/track/2cT06UlzGqsv38XqpRPk0o,0.829,0.741,9,-3.062,1,0.0584,0.123,0.0064,0.0472,0.589,130.011, 'audio_features',2cT06UlzGqsv38XqpRPk0o', 'spotify:track:2cT06UlzGqsv38XqpRPk0o',https://api.spotify.com/v1/tracks/2cT06UlzGqsv38XqpRPk0o',https://api.spotify.com/v1/audio-analysis/2cT06UlzGqsv38XqpRPk0o',180532,4
99,Step and a step,NiziU,37379,https://open.spotify.com/track/5DgAgJbHcm74RyA9YKj6k1,0.844,0.851,0,-3.762,1,0.0494,0.184,0.0000853,0.0754,0.541,116.038, 'audio_features',5DgAgJbHcm74RyA9YKj6k1', 'spotify:track:5DgAgJbHcm74RyA9YKj6k1',https://api.spotify.com/v1/tracks/5DgAgJbHcm74RyA9YKj6k1',https://api.spotify.com/v1/audio-analysis/5DgAgJbHcm74RyA9YKj6k1',201720,4
122,香水,Eito,33550,https://open.spotify.com/track/786dSB84yrSaICJwCT7VxP,0.85,0.34,3,-7.37,1,0.042,0.824,0,0.0882,0.774,121.759, 'audio_features',786dSB84yrSaICJwCT7VxP', 'spotify:track:786dSB84yrSaICJwCT7VxP',https://api.spotify.com/v1/tracks/786dSB84yrSaICJwCT7VxP',https://api.spotify.com/v1/audio-analysis/786dSB84yrSaICJwCT7VxP',255227,4
161,GILA GILA,Awich,27754,https://open.spotify.com/track/3LSALxSMhVUQoGN2zwxy1n,0.854,0.789,11,-5.996,1,0.217,0.0307,0,0.307,0.443,132.02, 'audio_features',3LSALxSMhVUQoGN2zwxy1n', 'spotify:track:3LSALxSMhVUQoGN2zwxy1n',https://api.spotify.com/v1/tracks/3LSALxSMhVUQoGN2zwxy1n',https://api.spotify.com/v1/audio-analysis/3LSALxSMhVUQoGN2zwxy1n',251818,4
189,Build a Bitch,Bella Poarch,25230,https://open.spotify.com/track/7BoobGhD4x5K96Me0hqC8Q,0.855,0.463,3,-7.454,1,0.0367,0.217,0.0000177,0.347,0.866,102.931, 'audio_features',7BoobGhD4x5K96Me0hqC8Q', 'spotify:track:7BoobGhD4x5K96Me0hqC8Q',https://api.spotify.com/v1/tracks/7BoobGhD4x5K96Me0hqC8Q',https://api.spotify.com/v1/audio-analysis/7BoobGhD4x5K96Me0hqC8Q',122773,4
149,カタコト,sloppy dim,29343,https://open.spotify.com/track/3ck6DbwKM4maTik8s7j3s4,0.859,0.629,4,-6.613,1,0.0695,0.591,0.00474,0.165,0.909,135.02, 'audio_features',3ck6DbwKM4maTik8s7j3s4', 'spotify:track:3ck6DbwKM4maTik8s7j3s4',https://api.spotify.com/v1/tracks/3ck6DbwKM4maTik8s7j3s4',https://api.spotify.com/v1/audio-analysis/3ck6DbwKM4maTik8s7j3s4',158889,4
32,napori,Vaundy,110172,https://open.spotify.com/track/5Ym4egUmT9wHEvZM2anGG8,0.88,0.356,11,-7.802,1,0.297,0.417,0,0.0997,0.468,129.822, 'audio_features',5Ym4egUmT9wHEvZM2anGG8', 'spotify:track:5Ym4egUmT9wHEvZM2anGG8',https://api.spotify.com/v1/tracks/5Ym4egUmT9wHEvZM2anGG8',https://api.spotify.com/v1/audio-analysis/5Ym4egUmT9wHEvZM2anGG8',203787,4
135,WAVEBODY,JP THE WAVY,31805,https://open.spotify.com/track/2N2qxWPU60swo6fm1SnOgr,0.884,0.749,1,-6.019,1,0.133,0.0523,0.0000528,0.139,0.859,87.479, 'audio_features',2N2qxWPU60swo6fm1SnOgr', 'spotify:track:2N2qxWPU60swo6fm1SnOgr',https://api.spotify.com/v1/tracks/2N2qxWPU60swo6fm1SnOgr',https://api.spotify.com/v1/audio-analysis/2N2qxWPU60swo6fm1SnOgr',184507,4
Position,Track Name,Artist,Streams,URL,danceability,energy,key,loudness,mode,speechiness,acousticness,instrumentalness,liveness,valence,tempo,type,id,uri,track_href,analysis_url,duration_ms,time_signature
