Position,Track Name,Artist,Streams,URL,danceability,energy,key,loudness,mode,speechiness,acousticness,instrumentalness,liveness,valence,tempo,type,id,uri,track_href,analysis_url,duration_ms,time_signature
1,STAY (with Justin Bieber),The Kid LAROI,6726013,'https://open.spotify.com/track/5PjdY0CKGZdEuoNab3yDmX',0.591,0.764,1,-5.484,1,0.0483,0.0383,0,0.103,0.478,169.928, 'audio_features', '5PjdY0CKGZdEuoNab3yDmX', 'spotify:track:5PjdY0CKGZdEuoNab3yDmX', 'https://api.spotify.com/v1/tracks/5PjdY0CKGZdEuoNab3yDmX', 'https://api.spotify.com/v1/audio-analysis/5PjdY0CKGZdEuoNab3yDmX',141806,4
2,Beggin',Maneskin,5831880,'https://open.spotify.com/track/3Wrjm47oTz2sjIgck11l5e',0.714,0.8,11,-4.808,0,0.0504,0.127,0,0.359,0.589,134.002, 'audio_features', '3Wrjm47oTz2sjIgck11l5e', 'spotify:track:3Wrjm47oTz2sjIgck11l5e', 'https://api.spotify.com/v1/tracks/3Wrjm47oTz2sjIgck11l5e', 'https://api.spotify.com/v1/audio-analysis/3Wrjm47oTz2sjIgck11l5e',211560,4
3,INDUSTRY BABY (feat. Jack Harlow),Lil Nas X,4811807,'https://open.spotify.com/track/27NovPIUIRrOZoCHxABJwK',0.736,0.704,3,-7.409,0,0.0615,0.0203,0,0.0501,0.894,149.995, 'audio_features', '27NovPIUIRrOZoCHxABJwK', 'spotify:track:27NovPIUIRrOZoCHxABJwK', 'https://api.spotify.com/v1/tracks/27NovPIUIRrOZoCHxABJwK', 'https://api.spotify.com/v1/audio-analysis/27NovPIUIRrOZoCHxABJwK',212000,4
4,good 4 u,Olivia Rodrigo,4803277,'https://open.spotify.com/track/4ZtFanR9U6ndgddUvNcjcG',0.563,0.664,9,-5.044,1,0.154,0.335,0,0.0849,0.688,166.928, 'audio_features', '4ZtFanR9U6ndgddUvNcjcG', 'spotify:track:4ZtFanR9U6ndgddUvNcjcG', 'https://api.spotify.com/v1/tracks/4ZtFanR9U6ndgddUvNcjcG', 'https://api.spotify.com/v1/audio-analysis/4ZtFanR9U6ndgddUvNcjcG',178147,4
5,Bad Habits,Ed Sheeran,4784605,'https://open.spotify.com/track/6PQ88X9TkUIAUIZJHW2upE',0.808,0.897,11,-3.712,0,0.0348,0.0469,0.0000314,0.364,0.591,126.026, 'audio_features', '6PQ88X9TkUIAUIZJHW2upE', 'spotify:track:6PQ88X9TkUIAUIZJHW2upE', 'https://api.spotify.com/v1/tracks/6PQ88X9TkUIAUIZJHW2upE', 'https://api.spotify.com/v1/audio-analysis/6PQ88X9TkUIAUIZJHW2upE',231041,4
6,Happier Than Ever,Billie Eilish,4140378,'https://open.spotify.com/track/4RVwu0g32PAqgUiJoXsdF8',0.332,0.225,0,-8.697,1,0.0348,0.767,0.00349,0.128,0.297,81.055, 'audio_features', '4RVwu0g32PAqgUiJoXsdF8', 'spotify:track:4RVwu0g32PAqgUiJoXsdF8', 'https://api.spotify.com/v1/tracks/4RVwu0g32PAqgUiJoXsdF8', 'https://api.spotify.com/v1/audio-analysis/4RVwu0g32PAqgUiJoXsdF8',298899,3
7,MONTERO (Call Me By Your Name),Lil Nas X,3685851,'https://open.spotify.com/track/67BtfxlNbhBmCDR2L2l8qd',0.61,0.508,8,-6.682,0,0.152,0.297,0,0.384,0.758,178.818, 'audio_features', '67BtfxlNbhBmCDR2L2l8qd', 'spotify:track:67BtfxlNbhBmCDR2L2l8qd', 'https://api.spotify.com/v1/tracks/67BtfxlNbhBmCDR2L2l8qd', 'https://api.spotify.com/v1/audio-analysis/67BtfxlNbhBmCDR2L2l8qd',137876,4
8,Kiss Me More (feat. SZA),Doja Cat,3590331,'https://open.spotify.com/track/3DarAbFujv6eYNliUTyqtz',0.764,0.705,8,-3.463,1,0.0284,0.259,0.0000892,0.12,0.781,110.97, 'audio_features', '3DarAbFujv6eYNliUTyqtz', 'spotify:track:3DarAbFujv6eYNliUTyqtz', 'https://api.spotify.com/v1/tracks/3DarAbFujv6eYNliUTyqtz', 'https://api.spotify.com/v1/audio-analysis/3DarAbFujv6eYNliUTyqtz',208667,4
9,Todo De Ti,Rauw Alejandro,3453682,'https://open.spotify.com/track/5RwV8BvLfX5injfqYodke9',0.78,0.719,3,-3.613,0,0.0506,0.302,0.000196,0.0931,0.336,127.962, 'audio_features', '5RwV8BvLfX5injfqYodke9', 'spotify:track:5RwV8BvLfX5injfqYodke9', 'https://api.spotify.com/v1/tracks/5RwV8BvLfX5injfqYodke9', 'https://api.spotify.com/v1/audio-analysis/5RwV8BvLfX5injfqYodke9',199604,4
10,Yonaguni,Bad Bunny,3232007,'https://open.spotify.com/track/2JPLbjOn0wPCngEot2STUS',0.644,0.648,1,-4.601,1,0.118,0.276,0,0.135,0.44,179.951, 'audio_features', '2JPLbjOn0wPCngEot2STUS', 'spotify:track:2JPLbjOn0wPCngEot2STUS', 'https://api.spotify.com/v1/tracks/2JPLbjOn0wPCngEot2STUS', 'https://api.spotify.com/v1/audio-analysis/2JPLbjOn0wPCngEot2STUS',206710,4
11,I WANNA BE YOUR SLAVE,Maneskin,3024591,'https://open.spotify.com/track/4pt5fDVTg5GhEvEtlz9dKk',0.75,0.608,1,-4.008,1,0.0387,0.00165,0,0.178,0.958,132.507, 'audio_features', '4pt5fDVTg5GhEvEtlz9dKk', 'spotify:track:4pt5fDVTg5GhEvEtlz9dKk', 'https://api.spotify.com/v1/tracks/4pt5fDVTg5GhEvEtlz9dKk', 'https://api.spotify.com/v1/audio-analysis/4pt5fDVTg5GhEvEtlz9dKk',173347,4
12,Que Mas Pues?,J Balvin,2904723,'https://open.spotify.com/track/6hf0RpxTbOprT5nnwzkk8e',0.891,0.819,8,-3.964,1,0.106,0.0261,0.000354,0.173,0.768,101.968, 'audio_features', '6hf0RpxTbOprT5nnwzkk8e', 'spotify:track:6hf0RpxTbOprT5nnwzkk8e', 'https://api.spotify.com/v1/tracks/6hf0RpxTbOprT5nnwzkk8e', 'https://api.spotify.com/v1/audio-analysis/6hf0RpxTbOprT5nnwzkk8e',217773,4
13,Levitating (feat. DaBaby),Dua Lipa,2791592,'https://open.spotify.com/track/5nujrmhLynf4yMoMtj8AQF',0.702,0.825,6,-3.787,0,0.0601,0.00883,0,0.0674,0.915,102.977, 'audio_features', '5nujrmhLynf4yMoMtj8AQF', 'spotify:track:5nujrmhLynf4yMoMtj8AQF', 'https://api.spotify.com/v1/tracks/5nujrmhLynf4yMoMtj8AQF', 'https://api.spotify.com/v1/audio-analysis/5nujrmhLynf4yMoMtj8AQF',203064,4
14,Pepas,Farruko,2687421,'https://open.spotify.com/track/5fwSHlTEWpluwOM0Sxnh5k',0.762,0.766,7,-3.955,1,0.0343,0.00776,0.0000698,0.128,0.442,130.001, 'audio_features', '5fwSHlTEWpluwOM0Sxnh5k', 'spotify:track:5fwSHlTEWpluwOM0Sxnh5k', 'https://api.spotify.com/v1/tracks/5fwSHlTEWpluwOM0Sxnh5k', 'https://api.spotify.com/v1/audio-analysis/5fwSHlTEWpluwOM0Sxnh5k',287120,4
15,traitor,Olivia Rodrigo,2573046,'https://open.spotify.com/track/5CZ40GBx1sQ9agT82CLQCT',0.38,0.339,3,-7.885,1,0.0338,0.691,0,0.12,0.0849,100.607, 'audio_features', '5CZ40GBx1sQ9agT82CLQCT', 'spotify:track:5CZ40GBx1sQ9agT82CLQCT', 'https://api.spotify.com/v1/tracks/5CZ40GBx1sQ9agT82CLQCT', 'https://api.spotify.com/v1/audio-analysis/5CZ40GBx1sQ9agT82CLQCT',229227,4
16,Need To Know,Doja Cat,2552475,'https://open.spotify.com/track/3Vi5XqYrmQgOYBajMWSvCi',0.664,0.609,1,-6.509,1,0.0707,0.304,0,0.0926,0.194,130.041, 'audio_features', '3Vi5XqYrmQgOYBajMWSvCi', 'spotify:track:3Vi5XqYrmQgOYBajMWSvCi', 'https://api.spotify.com/v1/tracks/3Vi5XqYrmQgOYBajMWSvCi', 'https://api.spotify.com/v1/audio-analysis/3Vi5XqYrmQgOYBajMWSvCi',210560,4
17,Peaches (feat. Daniel Caesar & Giveon),Justin Bieber,2537760,'https://open.spotify.com/track/4iJyoBOLtHqaGxP12qzhQI',0.677,0.696,0,-6.181,1,0.119,0.321,0,0.42,0.464,90.03, 'audio_features', '4iJyoBOLtHqaGxP12qzhQI', 'spotify:track:4iJyoBOLtHqaGxP12qzhQI', 'https://api.spotify.com/v1/tracks/4iJyoBOLtHqaGxP12qzhQI', 'https://api.spotify.com/v1/audio-analysis/4iJyoBOLtHqaGxP12qzhQI',198082,4
18,Permission to Dance,BTS,2479941,'https://open.spotify.com/track/5eXBXreN3d1zdj6Sa8dS0u',0.702,0.741,9,-5.33,1,0.0427,0.00544,0,0.337,0.646,124.925, 'audio_features', '5eXBXreN3d1zdj6Sa8dS0u', 'spotify:track:5eXBXreN3d1zdj6Sa8dS0u', 'https://api.spotify.com/v1/tracks/5eXBXreN3d1zdj6Sa8dS0u', 'https://api.spotify.com/v1/audio-analysis/5eXBXreN3d1zdj6Sa8dS0u',187585,4
19,Butter,BTS,2379148,'https://open.spotify.com/track/2bgTY4UwhfBYhGT4HUYStN',0.759,0.459,8,-5.187,1,0.0948,0.00323,0,0.0906,0.695,109.997, 'audio_features', '2bgTY4UwhfBYhGT4HUYStN', 'spotify:track:2bgTY4UwhfBYhGT4HUYStN', 'https://api.spotify.com/v1/tracks/2bgTY4UwhfBYhGT4HUYStN', 'https://api.spotify.com/v1/audio-analysis/2bgTY4UwhfBYhGT4HUYStN',164442,4
20,AM Remix,Nio Garcia,2286893,'https://open.spotify.com/track/05bfbizlM5AX6Mf1RRyMho',0.743,0.655,6,-5.015,0,0.159,0.114,0,0.0764,0.785,172.031, 'audio_features', '05bfbizlM5AX6Mf1RRyMho', 'spotify:track:05bfbizlM5AX6Mf1RRyMho', 'https://api.spotify.com/v1/tracks/05bfbizlM5AX6Mf1RRyMho', 'https://api.spotify.com/v1/audio-analysis/05bfbizlM5AX6Mf1RRyMho',261335,4
21,deja vu,Olivia Rodrigo,2230199,'https://open.spotify.com/track/6HU7h9RYOaPRFeh0R3UeAr',0.442,0.612,2,-7.222,1,0.112,0.584,0.0000057,0.37,0.178,180.917, 'audio_features', '6HU7h9RYOaPRFeh0R3UeAr', 'spotify:track:6HU7h9RYOaPRFeh0R3UeAr', 'https://api.spotify.com/v1/tracks/6HU7h9RYOaPRFeh0R3UeAr', 'https://api.spotify.com/v1/audio-analysis/6HU7h9RYOaPRFeh0R3UeAr',215507,4
22,Save Your Tears (with Ariana Grande) (Remix),The Weeknd,2205114,'https://open.spotify.com/track/37BZB0z9T8Xu7U3e65qxFy',0.65,0.825,0,-4.645,1,0.0325,0.0215,0.0000244,0.0936,0.593,118.091, 'audio_features', '37BZB0z9T8Xu7U3e65qxFy', 'spotify:track:37BZB0z9T8Xu7U3e65qxFy', 'https://api.spotify.com/v1/tracks/37BZB0z9T8Xu7U3e65qxFy', 'https://api.spotify.com/v1/audio-analysis/37BZB0z9T8Xu7U3e65qxFy',191014,4
23,Volando - Remix,Mora,2151262,'https://open.spotify.com/track/0G2zPzWqVjR68iNPmx2TBe',0.659,0.688,6,-4.649,1,0.0673,0.207,0,0.113,0.632,153.979, 'audio_features', '0G2zPzWqVjR68iNPmx2TBe', 'spotify:track:0G2zPzWqVjR68iNPmx2TBe', 'https://api.spotify.com/v1/tracks/0G2zPzWqVjR68iNPmx2TBe', 'https://api.spotify.com/v1/audio-analysis/0G2zPzWqVjR68iNPmx2TBe',273474,4
24,Leave The Door Open,Bruno Mars,2079621,'https://open.spotify.com/track/7MAibcTli4IisCtbHKrGMh',0.586,0.616,5,-7.964,1,0.0324,0.182,0,0.0927,0.719,148.088, 'audio_features', '7MAibcTli4IisCtbHKrGMh', 'spotify:track:7MAibcTli4IisCtbHKrGMh', 'https://api.spotify.com/v1/tracks/7MAibcTli4IisCtbHKrGMh', 'https://api.spotify.com/v1/audio-analysis/7MAibcTli4IisCtbHKrGMh',242096,4
25,Ain't Shit,Doja Cat,2033184,'https://open.spotify.com/track/5lAnYvAIkSDNXqfo7DyFUm',0.855,0.488,3,-4.601,1,0.208,0.506,0,0.347,0.619,124.097, 'audio_features', '5lAnYvAIkSDNXqfo7DyFUm', 'spotify:track:5lAnYvAIkSDNXqfo7DyFUm', 'https://api.spotify.com/v1/tracks/5lAnYvAIkSDNXqfo7DyFUm', 'https://api.spotify.com/v1/audio-analysis/5lAnYvAIkSDNXqfo7DyFUm',174253,4
26,drivers license,Olivia Rodrigo,1995971,'https://open.spotify.com/track/5wANPM4fQCJwkGd4rN57mH',0.561,0.431,10,-8.81,1,0.0578,0.768,0.0000142,0.106,0.137,143.875, 'audio_features', '5wANPM4fQCJwkGd4rN57mH', 'spotify:track:5wANPM4fQCJwkGd4rN57mH', 'https://api.spotify.com/v1/tracks/5wANPM4fQCJwkGd4rN57mH', 'https://api.spotify.com/v1/audio-analysis/5wANPM4fQCJwkGd4rN57mH',242013,4
27,Heat Waves,Glass Animals,1976102,'https://open.spotify.com/track/02MWAaffLxlfxAUY7c5dvx',0.761,0.525,11,-6.9,1,0.0944,0.44,0.0000067,0.0921,0.531,80.87, 'audio_features', '02MWAaffLxlfxAUY7c5dvx', 'spotify:track:02MWAaffLxlfxAUY7c5dvx', 'https://api.spotify.com/v1/tracks/02MWAaffLxlfxAUY7c5dvx', 'https://api.spotify.com/v1/audio-analysis/02MWAaffLxlfxAUY7c5dvx',238805,4
28,Blinding Lights,The Weeknd,1897869,'https://open.spotify.com/track/0VjIjW4GlUZAMYd2vXMi3b',0.514,0.73,1,-5.934,1,0.0598,0.00146,0.0000954,0.0897,0.334,171.005, 'audio_features', '0VjIjW4GlUZAMYd2vXMi3b', 'spotify:track:0VjIjW4GlUZAMYd2vXMi3b', 'https://api.spotify.com/v1/tracks/0VjIjW4GlUZAMYd2vXMi3b', 'https://api.spotify.com/v1/audio-analysis/0VjIjW4GlUZAMYd2vXMi3b',200040,4
29,happier,Olivia Rodrigo,1844069,'https://open.spotify.com/track/2tGvwE8GcFKwNdAXMnlbfl',0.395,0.443,6,-9.72,1,0.133,0.765,0.00000967,0.0839,0.338,168.924, 'audio_features', '2tGvwE8GcFKwNdAXMnlbfl', 'spotify:track:2tGvwE8GcFKwNdAXMnlbfl', 'https://api.spotify.com/v1/tracks/2tGvwE8GcFKwNdAXMnlbfl', 'https://api.spotify.com/v1/audio-analysis/2tGvwE8GcFKwNdAXMnlbfl',175933,3
30,NDA,Billie Eilish,1834296,'https://open.spotify.com/track/38GBNKZUhfBkk3oNlWzRYd',0.765,0.373,8,-9.921,1,0.0713,0.341,0.525,0.112,0.554,85.016, 'audio_features', '38GBNKZUhfBkk3oNlWzRYd', 'spotify:track:38GBNKZUhfBkk3oNlWzRYd', 'https://api.spotify.com/v1/tracks/38GBNKZUhfBkk3oNlWzRYd', 'https://api.spotify.com/v1/audio-analysis/38GBNKZUhfBkk3oNlWzRYd',195777,4
31,Astronaut In The Ocean,Masked Wolf,1735587,'https://open.spotify.com/track/0BGwAKW4u8kWOhWFflZxfl',0.778,0.695,4,-6.865,0,0.0913,0.175,0,0.15,0.472,149.996, 'audio_features', '0BGwAKW4u8kWOhWFflZxfl', 'spotify:track:0BGwAKW4u8kWOhWFflZxfl', 'https://api.spotify.com/v1/tracks/0BGwAKW4u8kWOhWFflZxfl', 'https://api.spotify.com/v1/audio-analysis/0BGwAKW4u8kWOhWFflZxfl',132780,4
32,Skate,Bruno Mars,1709530,'https://open.spotify.com/track/2sXf2JdbB2GlNju00kw9WE',0.719,0.631,5,-7.779,1,0.0312,0.0384,0,0.109,0.761,111.982, 'audio_features', '2sXf2JdbB2GlNju00kw9WE', 'spotify:track:2sXf2JdbB2GlNju00kw9WE', 'https://api.spotify.com/v1/tracks/2sXf2JdbB2GlNju00kw9WE', 'https://api.spotify.com/v1/audio-analysis/2sXf2JdbB2GlNju00kw9WE',203123,4
33,Friday (feat. Mufasa & Hypeman) - Dopamine Re-Edit,Riton,1677708,'https://open.spotify.com/track/4cG7HUWYHBV6R6tHn1gxrl',0.824,0.862,2,-3.424,1,0.126,0.0076,0.000132,0.303,0.801,122.98, 'audio_features', '4cG7HUWYHBV6R6tHn1gxrl', 'spotify:track:4cG7HUWYHBV6R6tHn1gxrl', 'https://api.spotify.com/v1/tracks/4cG7HUWYHBV6R6tHn1gxrl', 'https://api.spotify.com/v1/audio-analysis/4cG7HUWYHBV6R6tHn1gxrl',169153,4
34,Oxytocin,Billie Eilish,1674041,'https://open.spotify.com/track/4t2OeILB07eMGTXSUbMPEu',0.757,0.598,11,-7.777,1,0.058,0.0904,0.551,0.15,0.18,124.951, 'audio_features', '4t2OeILB07eMGTXSUbMPEu', 'spotify:track:4t2OeILB07eMGTXSUbMPEu', 'https://api.spotify.com/v1/tracks/4t2OeILB07eMGTXSUbMPEu', 'https://api.spotify.com/v1/audio-analysis/4t2OeILB07eMGTXSUbMPEu',210233,4
35,Pareja Del Ano,Sebastian Yatra,1623666,'https://open.spotify.com/track/2rCbl9naJYhaxjLsfx88uM',0.715,0.622,4,-5.102,0,0.046,0.163,0,0.0948,0.808,80.015, 'audio_features', '2rCbl9naJYhaxjLsfx88uM', 'spotify:track:2rCbl9naJYhaxjLsfx88uM', 'https://api.spotify.com/v1/tracks/2rCbl9naJYhaxjLsfx88uM', 'https://api.spotify.com/v1/audio-analysis/2rCbl9naJYhaxjLsfx88uM',195053,4
36,Getting Older,Billie Eilish,1620542,'https://open.spotify.com/track/4HOryCnbme0zBnF8LWij3f',0.599,0.128,10,-17.261,1,0.109,0.974,0.121,0.115,0.367,159.679, 'audio_features', '4HOryCnbme0zBnF8LWij3f', 'spotify:track:4HOryCnbme0zBnF8LWij3f', 'https://api.spotify.com/v1/tracks/4HOryCnbme0zBnF8LWij3f', 'https://api.spotify.com/v1/audio-analysis/4HOryCnbme0zBnF8LWij3f',244221,4
37,911 - Remix,Sech,1613307,'https://open.spotify.com/track/27RSJHEA99Y0Vsow7nA37A',0.816,0.71,7,-3.728,1,0.0398,0.165,0,0.292,0.784,93.02, 'audio_features', '27RSJHEA99Y0Vsow7nA37A', 'spotify:track:27RSJHEA99Y0Vsow7nA37A', 'https://api.spotify.com/v1/tracks/27RSJHEA99Y0Vsow7nA37A', 'https://api.spotify.com/v1/audio-analysis/27RSJHEA99Y0Vsow7nA37A',208631,4
38,favorite crime,Olivia Rodrigo,1578619,'https://open.spotify.com/track/5JCoSi02qi3jJeHdZXMmR8',0.369,0.272,9,-10.497,1,0.0364,0.866,0,0.147,0.218,172.929, 'audio_features', '5JCoSi02qi3jJeHdZXMmR8', 'spotify:track:5JCoSi02qi3jJeHdZXMmR8', 'https://api.spotify.com/v1/tracks/5JCoSi02qi3jJeHdZXMmR8', 'https://api.spotify.com/v1/audio-analysis/5JCoSi02qi3jJeHdZXMmR8',152667,4
39,Don't Go Yet,Camila Cabello,1560573,'https://open.spotify.com/track/1058fW9H3fZA6QjYCdOBad',0.666,0.796,10,-6.967,0,0.103,0.0492,0,0.0442,0.61,110.108, 'audio_features', '1058fW9H3fZA6QjYCdOBad', 'spotify:track:1058fW9H3fZA6QjYCdOBad', 'https://api.spotify.com/v1/tracks/1058fW9H3fZA6QjYCdOBad', 'https://api.spotify.com/v1/audio-analysis/1058fW9H3fZA6QjYCdOBad',164842,4
40,Billie Bossa Nova,Billie Eilish,1544560,'https://open.spotify.com/track/2KnuaZYoGzDoHiBTNYOTXG',0.895,0.389,7,-11.036,0,0.11,0.222,0.0346,0.105,0.549,110.023, 'audio_features', '2KnuaZYoGzDoHiBTNYOTXG', 'spotify:track:2KnuaZYoGzDoHiBTNYOTXG', 'https://api.spotify.com/v1/tracks/2KnuaZYoGzDoHiBTNYOTXG', 'https://api.spotify.com/v1/audio-analysis/2KnuaZYoGzDoHiBTNYOTXG',196731,4
41,Mienteme,TINI,1543917,'https://open.spotify.com/track/0cOa970mzTWAxKtltpkpLc',0.85,0.541,2,-4.522,1,0.0674,0.161,0.00000501,0.286,0.916,92.003, 'audio_features', '0cOa970mzTWAxKtltpkpLc', 'spotify:track:0cOa970mzTWAxKtltpkpLc', 'https://api.spotify.com/v1/tracks/0cOa970mzTWAxKtltpkpLc', 'https://api.spotify.com/v1/audio-analysis/0cOa970mzTWAxKtltpkpLc',165275,4
42,Entre Nosotros,Tiago PZK,1536947,'https://open.spotify.com/track/6w8yBI2vthyN9UnwO4UBWb',0.729,0.513,5,-6.345,0,0.0455,0.494,0.0000011,0.137,0.789,170.064, 'audio_features', '6w8yBI2vthyN9UnwO4UBWb', 'spotify:track:6w8yBI2vthyN9UnwO4UBWb', 'https://api.spotify.com/v1/tracks/6w8yBI2vthyN9UnwO4UBWb', 'https://api.spotify.com/v1/audio-analysis/6w8yBI2vthyN9UnwO4UBWb',192353,3
43,DAKITI,Bad Bunny,1511484,'https://open.spotify.com/track/4MzXwWMhyBbmu6hOcLVD49',0.731,0.573,4,-10.059,0,0.0544,0.401,0.0000522,0.113,0.145,109.928, 'audio_features', '4MzXwWMhyBbmu6hOcLVD49', 'spotify:track:4MzXwWMhyBbmu6hOcLVD49', 'https://api.spotify.com/v1/tracks/4MzXwWMhyBbmu6hOcLVD49', 'https://api.spotify.com/v1/audio-analysis/4MzXwWMhyBbmu6hOcLVD49',205090,4
44,Watermelon Sugar,Harry Styles,1487644,'https://open.spotify.com/track/6UelLqGlWMcVH1E5c4H7lY',0.548,0.816,0,-4.209,1,0.0465,0.122,0,0.335,0.557,95.39, 'audio_features', '6UelLqGlWMcVH1E5c4H7lY', 'spotify:track:6UelLqGlWMcVH1E5c4H7lY', 'https://api.spotify.com/v1/tracks/6UelLqGlWMcVH1E5c4H7lY', 'https://api.spotify.com/v1/audio-analysis/6UelLqGlWMcVH1E5c4H7lY',174000,4
45,Lost Cause,Billie Eilish,1477063,'https://open.spotify.com/track/4191RXFPa7Ge9XkA4cWlna',0.526,0.334,10,-8.491,0,0.251,0.702,0.00782,0.0586,0.522,74.966, 'audio_features', '4191RXFPa7Ge9XkA4cWlna', 'spotify:track:4191RXFPa7Ge9XkA4cWlna', 'https://api.spotify.com/v1/tracks/4191RXFPa7Ge9XkA4cWlna', 'https://api.spotify.com/v1/audio-analysis/4191RXFPa7Ge9XkA4cWlna',212496,4
46,RAPSTAR,Polo G,1476533,'https://open.spotify.com/track/18vXApRmJSgQ6wG2ll9AOg',0.789,0.536,6,-6.862,1,0.242,0.41,0,0.129,0.437,81.039, 'audio_features', '18vXApRmJSgQ6wG2ll9AOg', 'spotify:track:18vXApRmJSgQ6wG2ll9AOg', 'https://api.spotify.com/v1/tracks/18vXApRmJSgQ6wG2ll9AOg', 'https://api.spotify.com/v1/audio-analysis/18vXApRmJSgQ6wG2ll9AOg',165926,4
47,I Didn't Change My Number,Billie Eilish,1472322,'https://open.spotify.com/track/7bcy34fBT2ap1L4bfPsl9q',0.849,0.48,9,-5.835,1,0.226,0.612,0.269,0.295,0.677,142.021, 'audio_features', '7bcy34fBT2ap1L4bfPsl9q', 'spotify:track:7bcy34fBT2ap1L4bfPsl9q', 'https://api.spotify.com/v1/tracks/7bcy34fBT2ap1L4bfPsl9q', 'https://api.spotify.com/v1/audio-analysis/7bcy34fBT2ap1L4bfPsl9q',158463,4
48,"jealousy, jealousy",Olivia Rodrigo,1462354,'https://open.spotify.com/track/0MMyJUC3WNnFS1lit5pTjk',0.695,0.575,10,-6.334,0,0.116,0.198,0,0.0614,0.699,163.929, 'audio_features', '0MMyJUC3WNnFS1lit5pTjk', 'spotify:track:0MMyJUC3WNnFS1lit5pTjk', 'https://api.spotify.com/v1/tracks/0MMyJUC3WNnFS1lit5pTjk', 'https://api.spotify.com/v1/audio-analysis/0MMyJUC3WNnFS1lit5pTjk',173160,4
49,Poblado - Remix,J Balvin,1458563,'https://open.spotify.com/track/1WedZeiezCmCEOzLwhx0hV',0.813,0.809,3,-5.382,0,0.0846,0.102,0.00000137,0.377,0.646,93.005, 'audio_features', '1WedZeiezCmCEOzLwhx0hV', 'spotify:track:1WedZeiezCmCEOzLwhx0hV', 'https://api.spotify.com/v1/tracks/1WedZeiezCmCEOzLwhx0hV', 'https://api.spotify.com/v1/audio-analysis/1WedZeiezCmCEOzLwhx0hV',393280,4
50,Motley Crew,Post Malone,1433995,'https://open.spotify.com/track/40uMIn2zJLAQhNXghRjBed',0.797,0.631,3,-3.818,0,0.0786,0.0904,0.00000371,0.0998,0.288,129.915, 'audio_features', '40uMIn2zJLAQhNXghRjBed', 'spotify:track:40uMIn2zJLAQhNXghRjBed', 'https://api.spotify.com/v1/tracks/40uMIn2zJLAQhNXghRjBed', 'https://api.spotify.com/v1/audio-analysis/40uMIn2zJLAQhNXghRjBed',184213,4
51,Dynamite,BTS,1373902,'https://open.spotify.com/track/4saklk6nie3yiGePpBwUoc',0.746,0.765,6,-4.41,0,0.0993,0.0112,0,0.0936,0.737,114.044, 'audio_features', '4saklk6nie3yiGePpBwUoc', 'spotify:track:4saklk6nie3yiGePpBwUoc', 'https://api.spotify.com/v1/tracks/4saklk6nie3yiGePpBwUoc', 'https://api.spotify.com/v1/audio-analysis/4saklk6nie3yiGePpBwUoc',199054,4
52,2055,Sleepy Hallow,1366032,'https://open.spotify.com/track/4XvcHTUfIlWfyJTRG0aqlo',0.829,0.512,6,-5.865,0,0.187,0.492,0,0.12,0.638,80.511, 'audio_features', '4XvcHTUfIlWfyJTRG0aqlo', 'spotify:track:4XvcHTUfIlWfyJTRG0aqlo', 'https://api.spotify.com/v1/tracks/4XvcHTUfIlWfyJTRG0aqlo', 'https://api.spotify.com/v1/audio-analysis/4XvcHTUfIlWfyJTRG0aqlo',123987,4
53,Meu Pedaco de Pecado,Joao Gomes,1352159,'https://open.spotify.com/track/2kJRlOyrxsy7Ot3c5TZ8Q6',0.668,0.887,11,-4.404,0,0.0564,0.369,0.00000139,0.257,0.907,151.92, 'audio_features', '2kJRlOyrxsy7Ot3c5TZ8Q6', 'spotify:track:2kJRlOyrxsy7Ot3c5TZ8Q6', 'https://api.spotify.com/v1/tracks/2kJRlOyrxsy7Ot3c5TZ8Q6', 'https://api.spotify.com/v1/audio-analysis/2kJRlOyrxsy7Ot3c5TZ8Q6',157176,4
54,Tiroteo - Remix,Marc Segui,1348207,'https://open.spotify.com/track/4OwhwvKESFtuu06dTgct7i',0.75,0.522,9,-7.018,1,0.0293,0.282,0,0.0743,0.601,110.427, 'audio_features', '4OwhwvKESFtuu06dTgct7i', 'spotify:track:4OwhwvKESFtuu06dTgct7i', 'https://api.spotify.com/v1/tracks/4OwhwvKESFtuu06dTgct7i', 'https://api.spotify.com/v1/audio-analysis/4OwhwvKESFtuu06dTgct7i',321556,4
55,Sobrio,Maluma,1312265,'https://open.spotify.com/track/4HzqWEdAbzcVFDv0pvxV4w',0.762,0.77,5,-2.758,1,0.223,0.138,0,0.15,0.631,177.998, 'audio_features', '4HzqWEdAbzcVFDv0pvxV4w', 'spotify:track:4HzqWEdAbzcVFDv0pvxV4w', 'https://api.spotify.com/v1/tracks/4HzqWEdAbzcVFDv0pvxV4w', 'https://api.spotify.com/v1/audio-analysis/4HzqWEdAbzcVFDv0pvxV4w',201181,4
56,Woman,Doja Cat,1306455,'https://open.spotify.com/track/6Uj1ctrBOjOas8xZXGqKk4',0.824,0.764,5,-4.175,0,0.0854,0.0888,0.00294,0.117,0.881,107.998, 'audio_features', '6Uj1ctrBOjOas8xZXGqKk4', 'spotify:track:6Uj1ctrBOjOas8xZXGqKk4', 'https://api.spotify.com/v1/tracks/6Uj1ctrBOjOas8xZXGqKk4', 'https://api.spotify.com/v1/audio-analysis/6Uj1ctrBOjOas8xZXGqKk4',172627,4
57,You Right,Doja Cat,1292998,'https://open.spotify.com/track/0k4d5YPDr1r7FX77VdqWez',0.828,0.621,8,-6.414,1,0.0565,0.0164,0.00233,0.0845,0.436,128.986, 'audio_features', '0k4d5YPDr1r7FX77VdqWez', 'spotify:track:0k4d5YPDr1r7FX77VdqWez', 'https://api.spotify.com/v1/tracks/0k4d5YPDr1r7FX77VdqWez', 'https://api.spotify.com/v1/audio-analysis/0k4d5YPDr1r7FX77VdqWez',186173,4
58,Mood (feat. iann dior),24kGoldn,1292519,'https://open.spotify.com/track/4jPy3l0RUwlUI9T5XHBW2m',0.701,0.716,7,-3.671,0,0.0361,0.174,0,0.324,0.732,91.007, 'audio_features', '4jPy3l0RUwlUI9T5XHBW2m', 'spotify:track:4jPy3l0RUwlUI9T5XHBW2m', 'https://api.spotify.com/v1/tracks/4jPy3l0RUwlUI9T5XHBW2m', 'https://api.spotify.com/v1/audio-analysis/4jPy3l0RUwlUI9T5XHBW2m',140533,4
59,Freaks,Surf Curse,1259804,'https://open.spotify.com/track/7EkWXAI1wn8Ii883ecd9xr',0.345,0.941,9,-9.918,1,0.0466,0.0000384,0.633,0.0511,0.407,179.626, 'audio_features', '7EkWXAI1wn8Ii883ecd9xr', 'spotify:track:7EkWXAI1wn8Ii883ecd9xr', 'https://api.spotify.com/v1/tracks/7EkWXAI1wn8Ii883ecd9xr', 'https://api.spotify.com/v1/audio-analysis/7EkWXAI1wn8Ii883ecd9xr',147062,4
60,my future,Billie Eilish,1258534,'https://open.spotify.com/track/3YUMWmx8EJq0DurfuIwoGh',0.456,0.285,8,-10.755,1,0.0979,0.814,0.143,0.307,0.0809,104.89, 'audio_features', '3YUMWmx8EJq0DurfuIwoGh', 'spotify:track:3YUMWmx8EJq0DurfuIwoGh', 'https://api.spotify.com/v1/tracks/3YUMWmx8EJq0DurfuIwoGh', 'https://api.spotify.com/v1/audio-analysis/3YUMWmx8EJq0DurfuIwoGh',210005,4
61,Your Power,Billie Eilish,1250325,'https://open.spotify.com/track/042Sl6Mn83JHyLEqdK7uI0',0.632,0.284,9,-14.025,0,0.0801,0.932,0.000476,0.233,0.208,129.642, 'audio_features', '042Sl6Mn83JHyLEqdK7uI0', 'spotify:track:042Sl6Mn83JHyLEqdK7uI0', 'https://api.spotify.com/v1/tracks/042Sl6Mn83JHyLEqdK7uI0', 'https://api.spotify.com/v1/audio-analysis/042Sl6Mn83JHyLEqdK7uI0',245897,4
62,Halley's Comet,Billie Eilish,1248415,'https://open.spotify.com/track/5XsAal7ZcWg1I5T4NcRjkv',0.403,0.159,1,-16.728,0,0.104,0.961,0.0121,0.34,0.0381,72.38, 'audio_features', '5XsAal7ZcWg1I5T4NcRjkv', 'spotify:track:5XsAal7ZcWg1I5T4NcRjkv', 'https://api.spotify.com/v1/tracks/5XsAal7ZcWg1I5T4NcRjkv', 'https://api.spotify.com/v1/audio-analysis/5XsAal7ZcWg1I5T4NcRjkv',234761,4
63,The Business,Tiesto,1238971,'https://open.spotify.com/track/6f3Slt0GbA2bPZlz0aIFXN',0.798,0.62,8,-7.079,0,0.232,0.414,0.0192,0.112,0.235,120.031, 'audio_features', '6f3Slt0GbA2bPZlz0aIFXN', 'spotify:track:6f3Slt0GbA2bPZlz0aIFXN', 'https://api.spotify.com/v1/tracks/6f3Slt0GbA2bPZlz0aIFXN', 'https://api.spotify.com/v1/audio-analysis/6f3Slt0GbA2bPZlz0aIFXN',164000,4
64,Fiel - Remix,Wisin,1236265,'https://open.spotify.com/track/43qcs9NpJhDxtG91zxFkj7',0.839,0.711,6,-4.733,0,0.0473,0.398,0.00000202,0.118,0.573,97.99, 'audio_features', '43qcs9NpJhDxtG91zxFkj7', 'spotify:track:43qcs9NpJhDxtG91zxFkj7', 'https://api.spotify.com/v1/tracks/43qcs9NpJhDxtG91zxFkj7', 'https://api.spotify.com/v1/audio-analysis/43qcs9NpJhDxtG91zxFkj7',349547,4
65,Love Tonight - Edit,Shouse,1209412,'https://open.spotify.com/track/6OufwUcCqo81guU2jAlDVP',0.727,0.681,5,-7.114,0,0.0265,0.00214,0.000307,0.0861,0.448,123.028, 'audio_features', '6OufwUcCqo81guU2jAlDVP', 'spotify:track:6OufwUcCqo81guU2jAlDVP', 'https://api.spotify.com/v1/tracks/6OufwUcCqo81guU2jAlDVP', 'https://api.spotify.com/v1/audio-analysis/6OufwUcCqo81guU2jAlDVP',241970,4
66,Therefore I Am,Billie Eilish,1209336,'https://open.spotify.com/track/20R4HfKloPKgXDqU7UKk3x',0.879,0.365,2,-7.781,1,0.0924,0.227,0.135,0.0583,0.663,94.016, 'audio_features', '20R4HfKloPKgXDqU7UKk3x', 'spotify:track:20R4HfKloPKgXDqU7UKk3x', 'https://api.spotify.com/v1/tracks/20R4HfKloPKgXDqU7UKk3x', 'https://api.spotify.com/v1/audio-analysis/20R4HfKloPKgXDqU7UKk3x',173539,4
67,Heartbreak Anthem (with David Guetta & Little Mix),Galantis,1179872,'https://open.spotify.com/track/5K6Ssv4Z3zRvxt0P6EKUAP',0.595,0.784,1,-4.878,1,0.102,0.216,0,0.0608,0.479,124.111, 'audio_features', '5K6Ssv4Z3zRvxt0P6EKUAP', 'spotify:track:5K6Ssv4Z3zRvxt0P6EKUAP', 'https://api.spotify.com/v1/tracks/5K6Ssv4Z3zRvxt0P6EKUAP', 'https://api.spotify.com/v1/audio-analysis/5K6Ssv4Z3zRvxt0P6EKUAP',183726,4
68,NOT SOBER (feat. Polo G & Stunna Gambino),The Kid LAROI,1169188,'https://open.spotify.com/track/1JXBNvlDEl2epKSJ9EOgKX',0.671,0.639,2,-6.852,0,0.134,0.0928,0,0.0941,0.385,119.82, 'audio_features', '1JXBNvlDEl2epKSJ9EOgKX', 'spotify:track:1JXBNvlDEl2epKSJ9EOgKX', 'https://api.spotify.com/v1/tracks/1JXBNvlDEl2epKSJ9EOgKX', 'https://api.spotify.com/v1/audio-analysis/1JXBNvlDEl2epKSJ9EOgKX',216000,5
69,GOLDWING,Billie Eilish,1168233,'https://open.spotify.com/track/0FfqyjhB6Kspvit1oOo7ax',0.654,0.303,5,-13.943,0,0.126,0.755,0.159,0.0957,0.168,160.095, 'audio_features', '0FfqyjhB6Kspvit1oOo7ax', 'spotify:track:0FfqyjhB6Kspvit1oOo7ax', 'https://api.spotify.com/v1/tracks/0FfqyjhB6Kspvit1oOo7ax', 'https://api.spotify.com/v1/audio-analysis/0FfqyjhB6Kspvit1oOo7ax',151537,4
70,Leave Before You Love Me (with Jonas Brothers),Marshmello,1167654,'https://open.spotify.com/track/4qu63nuBpdn0qHUHuObEj1',0.721,0.738,7,-4.77,1,0.0403,0.00226,0.00000441,0.118,0.637,119.976, 'audio_features', '4qu63nuBpdn0qHUHuObEj1', 'spotify:track:4qu63nuBpdn0qHUHuObEj1', 'https://api.spotify.com/v1/tracks/4qu63nuBpdn0qHUHuObEj1', 'https://api.spotify.com/v1/audio-analysis/4qu63nuBpdn0qHUHuObEj1',154983,4
71,"Nicky Jam: Bzrp Music Sessions, Vol. 41",Bizarrap,1160498,'https://open.spotify.com/track/03LfOYi0icz4souspZVVhq',0.627,0.849,1,-3.167,0,0.153,0.0913,0,0.145,0.818,89.907, 'audio_features', '03LfOYi0icz4souspZVVhq', 'spotify:track:03LfOYi0icz4souspZVVhq', 'https://api.spotify.com/v1/tracks/03LfOYi0icz4souspZVVhq', 'https://api.spotify.com/v1/audio-analysis/03LfOYi0icz4souspZVVhq',158087,4
72,2/Catorce,Rauw Alejandro,1157520,'https://open.spotify.com/track/0PwFN7vRvY80Hnkoew2x3f',0.768,0.56,3,-3.497,1,0.0859,0.709,0.000791,0.115,0.372,112.084, 'audio_features', '0PwFN7vRvY80Hnkoew2x3f', 'spotify:track:0PwFN7vRvY80Hnkoew2x3f', 'https://api.spotify.com/v1/tracks/0PwFN7vRvY80Hnkoew2x3f', 'https://api.spotify.com/v1/audio-analysis/0PwFN7vRvY80Hnkoew2x3f',205714,3
73,Loco,Justin Quiles,1139313,'https://open.spotify.com/track/6PDlkWmrq2ZKiUuFt2aQsH',0.77,0.899,8,-2.981,1,0.0494,0.222,0.00000114,0.0894,0.851,128.05, 'audio_features', '6PDlkWmrq2ZKiUuFt2aQsH', 'spotify:track:6PDlkWmrq2ZKiUuFt2aQsH', 'https://api.spotify.com/v1/tracks/6PDlkWmrq2ZKiUuFt2aQsH', 'https://api.spotify.com/v1/audio-analysis/6PDlkWmrq2ZKiUuFt2aQsH',231604,4
74,Sweater Weather,The Neighbourhood,1138208,'https://open.spotify.com/track/2QjOHCTQ1Jl3zawyYOpxh6',0.612,0.807,10,-2.81,1,0.0336,0.0495,0.0177,0.101,0.398,124.053, 'audio_features', '2QjOHCTQ1Jl3zawyYOpxh6', 'spotify:track:2QjOHCTQ1Jl3zawyYOpxh6', 'https://api.spotify.com/v1/tracks/2QjOHCTQ1Jl3zawyYOpxh6', 'https://api.spotify.com/v1/audio-analysis/2QjOHCTQ1Jl3zawyYOpxh6',240400,4
75,Paris,Ingratax,1136893,'https://open.spotify.com/track/4bF2y8rR7GUjrd5LNEvej3',0.57,0.455,1,-5.748,0,0.0996,0.441,0.000746,0.0654,0.399,167.933, 'audio_features', '4bF2y8rR7GUjrd5LNEvej3', 'spotify:track:4bF2y8rR7GUjrd5LNEvej3', 'https://api.spotify.com/v1/tracks/4bF2y8rR7GUjrd5LNEvej3', 'https://api.spotify.com/v1/audio-analysis/4bF2y8rR7GUjrd5LNEvej3',151429,4
76,Rasputin,Majestic,1131652,'https://open.spotify.com/track/0b18g3G5spr4ZCkz7Y6Q0Q',0.758,0.913,6,-2.926,0,0.113,0.00364,0.0000692,0.193,0.658,128.04, 'audio_features', '0b18g3G5spr4ZCkz7Y6Q0Q', 'spotify:track:0b18g3G5spr4ZCkz7Y6Q0Q', 'https://api.spotify.com/v1/tracks/0b18g3G5spr4ZCkz7Y6Q0Q', 'https://api.spotify.com/v1/audio-analysis/0b18g3G5spr4ZCkz7Y6Q0Q',186210,4
77,Heartbreak Anniversary,Giveon,1131397,'https://open.spotify.com/track/3FAJ6O0NOHQV8Mc5Ri6ENp',0.449,0.465,0,-8.964,1,0.0791,0.524,0.00000102,0.303,0.543,89.087, 'audio_features', '3FAJ6O0NOHQV8Mc5Ri6ENp', 'spotify:track:3FAJ6O0NOHQV8Mc5Ri6ENp', 'https://api.spotify.com/v1/tracks/3FAJ6O0NOHQV8Mc5Ri6ENp', 'https://api.spotify.com/v1/audio-analysis/3FAJ6O0NOHQV8Mc5Ri6ENp',198371,3
78,Wants and Needs (feat. Lil Baby),Drake,1120640,'https://open.spotify.com/track/65OVbaJR5O1RmwOQx0875b',0.578,0.449,1,-6.349,1,0.286,0.0618,0.00000217,0.119,0.1,136.006, 'audio_features', '65OVbaJR5O1RmwOQx0875b', 'spotify:track:65OVbaJR5O1RmwOQx0875b', 'https://api.spotify.com/v1/tracks/65OVbaJR5O1RmwOQx0875b', 'https://api.spotify.com/v1/audio-analysis/65OVbaJR5O1RmwOQx0875b',192956,4
79,Save Your Tears,The Weeknd,1119977,'https://open.spotify.com/track/5QO79kh1waicV47BqGRL3g',0.68,0.826,0,-5.487,1,0.0309,0.0212,0.0000124,0.543,0.644,118.051, 'audio_features', '5QO79kh1waicV47BqGRL3g', 'spotify:track:5QO79kh1waicV47BqGRL3g', 'https://api.spotify.com/v1/tracks/5QO79kh1waicV47BqGRL3g', 'https://api.spotify.com/v1/audio-analysis/5QO79kh1waicV47BqGRL3g',215627,4
80,Male Fantasy,Billie Eilish,1112481,'https://open.spotify.com/track/4ak9GGe6afmi2HbxEjvhIC',0.687,0.288,2,-10.415,1,0.045,0.863,0,0.0986,0.308,110.927, 'audio_features', '4ak9GGe6afmi2HbxEjvhIC', 'spotify:track:4ak9GGe6afmi2HbxEjvhIC', 'https://api.spotify.com/v1/tracks/4ak9GGe6afmi2HbxEjvhIC', 'https://api.spotify.com/v1/audio-analysis/4ak9GGe6afmi2HbxEjvhIC',194887,4
81,Build a Bitch,Bella Poarch,1112112,'https://open.spotify.com/track/7BoobGhD4x5K96Me0hqC8Q',0.855,0.463,3,-7.454,1,0.0367,0.217,0.0000177,0.347,0.866,102.931, 'audio_features', '7BoobGhD4x5K96Me0hqC8Q', 'spotify:track:7BoobGhD4x5K96Me0hqC8Q', 'https://api.spotify.com/v1/tracks/7BoobGhD4x5K96Me0hqC8Q', 'https://api.spotify.com/v1/audio-analysis/7BoobGhD4x5K96Me0hqC8Q',122773,4
82,Run,OneRepublic,1107668,'https://open.spotify.com/track/2UbVnbE5FH6008mAm6Mmgw',0.682,0.72,11,-8.173,0,0.0381,0.326,0,0.148,0.673,117.003, 'audio_features', '2UbVnbE5FH6008mAm6Mmgw', 'spotify:track:2UbVnbE5FH6008mAm6Mmgw', 'https://api.spotify.com/v1/tracks/2UbVnbE5FH6008mAm6Mmgw', 'https://api.spotify.com/v1/audio-analysis/2UbVnbE5FH6008mAm6Mmgw',169011,4
83,Someone You Loved,Lewis Capaldi,1105227,'https://open.spotify.com/track/7qEHsqek33rTcFNT9PFqLf',0.501,0.405,1,-5.679,1,0.0319,0.751,0,0.105,0.446,109.891, 'audio_features', '7qEHsqek33rTcFNT9PFqLf', 'spotify:track:7qEHsqek33rTcFNT9PFqLf', 'https://api.spotify.com/v1/tracks/7qEHsqek33rTcFNT9PFqLf', 'https://api.spotify.com/v1/audio-analysis/7qEHsqek33rTcFNT9PFqLf',182161,4
84,Beautiful Mistakes (feat. Megan Thee Stallion),Maroon 5,1100843,'https://open.spotify.com/track/5zFglKYiknIxks8geR8rcL',0.713,0.676,10,-5.483,1,0.027,0.0377,0,0.154,0.721,99.048, 'audio_features', '5zFglKYiknIxks8geR8rcL', 'spotify:track:5zFglKYiknIxks8geR8rcL', 'https://api.spotify.com/v1/tracks/5zFglKYiknIxks8geR8rcL', 'https://api.spotify.com/v1/audio-analysis/5zFglKYiknIxks8geR8rcL',227395,4
85,Don't Start Now,Dua Lipa,1099181,'https://open.spotify.com/track/3PfIrDoz19wz7qK7tYeu62',0.793,0.793,11,-4.521,0,0.083,0.0123,0,0.0951,0.679,123.95, 'audio_features', '3PfIrDoz19wz7qK7tYeu62', 'spotify:track:3PfIrDoz19wz7qK7tYeu62', 'https://api.spotify.com/v1/tracks/3PfIrDoz19wz7qK7tYeu62', 'https://api.spotify.com/v1/audio-analysis/3PfIrDoz19wz7qK7tYeu62',183290,4
86,Thot Shit,Megan Thee Stallion,1096768,'https://open.spotify.com/track/5zNW5ARjYhJQJz1AChP33n',0.95,0.693,9,-3.424,1,0.0898,0.0133,0,0.173,0.891,130.02, 'audio_features', '5zNW5ARjYhJQJz1AChP33n', 'spotify:track:5zNW5ARjYhJQJz1AChP33n', 'https://api.spotify.com/v1/tracks/5zNW5ARjYhJQJz1AChP33n', 'https://api.spotify.com/v1/audio-analysis/5zNW5ARjYhJQJz1AChP33n',184635,4
87,Botella Tras Botella,Gera MX,1096540,'https://open.spotify.com/track/2MnLkFqY9Rpg9s3Zv6ZJdK',0.727,0.546,0,-4.572,1,0.0437,0.656,0,0.122,0.69,106.891, 'audio_features', '2MnLkFqY9Rpg9s3Zv6ZJdK', 'spotify:track:2MnLkFqY9Rpg9s3Zv6ZJdK', 'https://api.spotify.com/v1/tracks/2MnLkFqY9Rpg9s3Zv6ZJdK', 'https://api.spotify.com/v1/audio-analysis/2MnLkFqY9Rpg9s3Zv6ZJdK',197333,4
88,brutal,Olivia Rodrigo,1091382,'https://open.spotify.com/track/6SRsiMl7w1USE4mFqrOhHC',0.672,0.526,4,-6.446,1,0.0599,0.0311,0.00000137,0.28,0.28,123.999, 'audio_features', '6SRsiMl7w1USE4mFqrOhHC', 'spotify:track:6SRsiMl7w1USE4mFqrOhHC', 'https://api.spotify.com/v1/tracks/6SRsiMl7w1USE4mFqrOhHC', 'https://api.spotify.com/v1/audio-analysis/6SRsiMl7w1USE4mFqrOhHC',143747,4
89,Your Love (9PM),ATB,1068695,'https://open.spotify.com/track/5YaskwnGDZFDRipaqzbwQx',0.669,0.784,7,-5.603,1,0.112,0.194,0.00000628,0.115,0.517,125.993, 'audio_features', '5YaskwnGDZFDRipaqzbwQx', 'spotify:track:5YaskwnGDZFDRipaqzbwQx', 'https://api.spotify.com/v1/tracks/5YaskwnGDZFDRipaqzbwQx', 'https://api.spotify.com/v1/audio-analysis/5YaskwnGDZFDRipaqzbwQx',150053,4
90,EL MAKINON,KAROL G,1056052,'https://open.spotify.com/track/2FSGUA0gFgGeQdprjtGM2M',0.635,0.706,5,-3.224,0,0.125,0.256,0,0.108,0.443,88.863, 'audio_features', '2FSGUA0gFgGeQdprjtGM2M', 'spotify:track:2FSGUA0gFgGeQdprjtGM2M', 'https://api.spotify.com/v1/tracks/2FSGUA0gFgGeQdprjtGM2M', 'https://api.spotify.com/v1/audio-analysis/2FSGUA0gFgGeQdprjtGM2M',209160,4
91,Fiel,Los Legendarios,1006544,'https://open.spotify.com/track/7Bk0uXKk1uPT0XuQbpFzvs',0.849,0.701,6,-4.407,0,0.06,0.407,0,0.112,0.505,98.005, 'audio_features', '7Bk0uXKk1uPT0XuQbpFzvs', 'spotify:track:7Bk0uXKk1uPT0XuQbpFzvs', 'https://api.spotify.com/v1/tracks/7Bk0uXKk1uPT0XuQbpFzvs', 'https://api.spotify.com/v1/audio-analysis/7Bk0uXKk1uPT0XuQbpFzvs',261667,4
92,Dinero,Trinidad Cardona,1005191,'https://open.spotify.com/track/3ggtU1ZOKO8ZNiqPNyXGcm',0.708,0.782,2,-4.687,1,0.0674,0.00772,0,0.107,0.484,119.997, 'audio_features', '3ggtU1ZOKO8ZNiqPNyXGcm', 'spotify:track:3ggtU1ZOKO8ZNiqPNyXGcm', 'https://api.spotify.com/v1/tracks/3ggtU1ZOKO8ZNiqPNyXGcm', 'https://api.spotify.com/v1/audio-analysis/3ggtU1ZOKO8ZNiqPNyXGcm',160880,4
93,In Da Getto,J Balvin,1000483,'https://open.spotify.com/track/63aj87TQG6F3RVO5nbG2VQ',0.915,0.72,8,-3.126,1,0.0459,0.025,0.0000142,0.0942,0.631,126.986, 'audio_features', '63aj87TQG6F3RVO5nbG2VQ', 'spotify:track:63aj87TQG6F3RVO5nbG2VQ', 'https://api.spotify.com/v1/tracks/63aj87TQG6F3RVO5nbG2VQ', 'https://api.spotify.com/v1/audio-analysis/63aj87TQG6F3RVO5nbG2VQ',131067,4
94,Dance Monkey,Tones And I,993775,'https://open.spotify.com/track/2N8m6CYs74qQO4mjVcXO30',0.824,0.587,6,-6.401,0,0.0937,0.69,0.000105,0.149,0.514,98.029, 'audio_features', '2N8m6CYs74qQO4mjVcXO30', 'spotify:track:2N8m6CYs74qQO4mjVcXO30', 'https://api.spotify.com/v1/tracks/2N8m6CYs74qQO4mjVcXO30', 'https://api.spotify.com/v1/audio-analysis/2N8m6CYs74qQO4mjVcXO30',209438,4
95,telepatia,Kali Uchis,986814,'https://open.spotify.com/track/6tDDoYIxWvMLTdKpjFkc1B',0.653,0.524,11,-9.016,0,0.0502,0.112,0,0.203,0.553,83.97, 'audio_features', '6tDDoYIxWvMLTdKpjFkc1B', 'spotify:track:6tDDoYIxWvMLTdKpjFkc1B', 'https://api.spotify.com/v1/tracks/6tDDoYIxWvMLTdKpjFkc1B', 'https://api.spotify.com/v1/audio-analysis/6tDDoYIxWvMLTdKpjFkc1B',160191,4
96,double take,dhruv,986470,'https://open.spotify.com/track/2CVChktEKBsM6v4IfdFU5k',0.663,0.434,8,-11.177,1,0.0648,0.828,0,0.249,0.225,109.075, 'audio_features', '2CVChktEKBsM6v4IfdFU5k', 'spotify:track:2CVChktEKBsM6v4IfdFU5k', 'https://api.spotify.com/v1/tracks/2CVChktEKBsM6v4IfdFU5k', 'https://api.spotify.com/v1/audio-analysis/2CVChktEKBsM6v4IfdFU5k',171743,4
97,Levitating,Dua Lipa,986309,'https://open.spotify.com/track/39LLxExYz6ewLAcYrzQQyP',0.695,0.884,6,-2.278,0,0.0753,0.0561,0,0.213,0.914,103.014, 'audio_features', '39LLxExYz6ewLAcYrzQQyP', 'spotify:track:39LLxExYz6ewLAcYrzQQyP', 'https://api.spotify.com/v1/tracks/39LLxExYz6ewLAcYrzQQyP', 'https://api.spotify.com/v1/audio-analysis/39LLxExYz6ewLAcYrzQQyP',203808,4
98,OverHeated,Billie Eilish,976403,'https://open.spotify.com/track/5uSG6fUPRaehaV820zcpsK',0.777,0.522,8,-12.496,0,0.0535,0.527,0.838,0.0968,0.182,115.008, 'audio_features', '5uSG6fUPRaehaV820zcpsK', 'spotify:track:5uSG6fUPRaehaV820zcpsK', 'https://api.spotify.com/v1/tracks/5uSG6fUPRaehaV820zcpsK', 'https://api.spotify.com/v1/audio-analysis/5uSG6fUPRaehaV820zcpsK',214059,4
99,Arcade,Duncan Laurence,967131,'https://open.spotify.com/track/1J14CdDAvBTE1AJYUOwl6C',0.453,0.35,9,-11.639,0,0.0425,0.827,0.00122,0.144,0.279,72.017, 'audio_features', '1J14CdDAvBTE1AJYUOwl6C', 'spotify:track:1J14CdDAvBTE1AJYUOwl6C', 'https://api.spotify.com/v1/tracks/1J14CdDAvBTE1AJYUOwl6C', 'https://api.spotify.com/v1/audio-analysis/1J14CdDAvBTE1AJYUOwl6C',185147,3
100,WITHOUT YOU,The Kid LAROI,949741,'https://open.spotify.com/track/27OeeYzk6klgBh83TSvGMA',0.662,0.413,0,-7.357,1,0.0299,0.213,0,0.134,0.467,93.005, 'audio_features', '27OeeYzk6klgBh83TSvGMA', 'spotify:track:27OeeYzk6klgBh83TSvGMA', 'https://api.spotify.com/v1/tracks/27OeeYzk6klgBh83TSvGMA', 'https://api.spotify.com/v1/audio-analysis/27OeeYzk6klgBh83TSvGMA',161385,4
101,Love Again,Dua Lipa,946027,'https://open.spotify.com/track/4rPkN1FMzQyFNP9cLUGIIB',0.659,0.667,11,-4.668,0,0.0339,0.00173,0.0000285,0.1,0.468,115.982, 'audio_features', '4rPkN1FMzQyFNP9cLUGIIB', 'spotify:track:4rPkN1FMzQyFNP9cLUGIIB', 'https://api.spotify.com/v1/tracks/4rPkN1FMzQyFNP9cLUGIIB', 'https://api.spotify.com/v1/audio-analysis/4rPkN1FMzQyFNP9cLUGIIB',258004,4
102,Over The Top (feat. Drake),Smiley,942026,'https://open.spotify.com/track/3yaYgjEFkRw3PVjW9mV1TO',0.833,0.498,10,-5.196,0,0.117,0.0493,0,0.119,0.259,139.928, 'audio_features', '3yaYgjEFkRw3PVjW9mV1TO', 'spotify:track:3yaYgjEFkRw3PVjW9mV1TO', 'https://api.spotify.com/v1/tracks/3yaYgjEFkRw3PVjW9mV1TO', 'https://api.spotify.com/v1/audio-analysis/3yaYgjEFkRw3PVjW9mV1TO',153406,4
103,ZITTI E BUONI,Maneskin,935580,'https://open.spotify.com/track/776AftMmFFAWUIEAb3lHhw',0.625,0.939,4,-3.115,0,0.0669,0.00138,0,0.424,0.644,102.999, 'audio_features', '776AftMmFFAWUIEAb3lHhw', 'spotify:track:776AftMmFFAWUIEAb3lHhw', 'https://api.spotify.com/v1/tracks/776AftMmFFAWUIEAb3lHhw', 'https://api.spotify.com/v1/audio-analysis/776AftMmFFAWUIEAb3lHhw',194787,4
104,Goosebumps - Remix,Travis Scott,932169,'https://open.spotify.com/track/5uEYRdEIh9Bo4fpjDd4Na9',0.841,0.593,1,-7.846,1,0.0379,0.418,0,0.124,0.808,124.917, 'audio_features', '5uEYRdEIh9Bo4fpjDd4Na9', 'spotify:track:5uEYRdEIh9Bo4fpjDd4Na9', 'https://api.spotify.com/v1/tracks/5uEYRdEIh9Bo4fpjDd4Na9', 'https://api.spotify.com/v1/audio-analysis/5uEYRdEIh9Bo4fpjDd4Na9',162803,4
105,lovely (with Khalid),Billie Eilish,930038,'https://open.spotify.com/track/0u2P5u6lvoDfwTYjAADbn4',0.351,0.296,4,-10.109,0,0.0333,0.934,0,0.095,0.12,115.284, 'audio_features', '0u2P5u6lvoDfwTYjAADbn4', 'spotify:track:0u2P5u6lvoDfwTYjAADbn4', 'https://api.spotify.com/v1/tracks/0u2P5u6lvoDfwTYjAADbn4', 'https://api.spotify.com/v1/audio-analysis/0u2P5u6lvoDfwTYjAADbn4',200186,4
106,Iko Iko (My Bestie),Justin Wellington,927759,'https://open.spotify.com/track/7MC4XR9M9amdmKQr2iDF7i',0.862,0.753,5,-5.356,1,0.0625,0.131,0.00000201,0.077,0.827,105.039, 'audio_features', '7MC4XR9M9amdmKQr2iDF7i', 'spotify:track:7MC4XR9M9amdmKQr2iDF7i', 'https://api.spotify.com/v1/tracks/7MC4XR9M9amdmKQr2iDF7i', 'https://api.spotify.com/v1/audio-analysis/7MC4XR9M9amdmKQr2iDF7i',182857,4
107,Everybody Dies,Billie Eilish,926045,'https://open.spotify.com/track/5jhBwnqzNNrENXnYrAdoCe',0.275,0.155,7,-17.285,0,0.0674,0.928,0.176,0.0888,0.0588,65.136, 'audio_features', '5jhBwnqzNNrENXnYrAdoCe', 'spotify:track:5jhBwnqzNNrENXnYrAdoCe', 'https://api.spotify.com/v1/tracks/5jhBwnqzNNrENXnYrAdoCe', 'https://api.spotify.com/v1/audio-analysis/5jhBwnqzNNrENXnYrAdoCe',206623,3
108,Bezos I,Bo Burnham,925124,'https://open.spotify.com/track/0Kdj7nwaYQmvhxnqZaIQuW',0.694,0.948,2,-5.307,1,0.0361,0.00936,0.0000162,0.139,0.705,115.044, 'audio_features', '0Kdj7nwaYQmvhxnqZaIQuW', 'spotify:track:0Kdj7nwaYQmvhxnqZaIQuW', 'https://api.spotify.com/v1/tracks/0Kdj7nwaYQmvhxnqZaIQuW', 'https://api.spotify.com/v1/audio-analysis/0Kdj7nwaYQmvhxnqZaIQuW',58149,4
109,Circles,Post Malone,920846,'https://open.spotify.com/track/21jGcNKet2qwijlDFuPiPb',0.695,0.762,0,-3.497,1,0.0395,0.192,0.00244,0.0863,0.553,120.042, 'audio_features', '21jGcNKet2qwijlDFuPiPb', 'spotify:track:21jGcNKet2qwijlDFuPiPb', 'https://api.spotify.com/v1/tracks/21jGcNKet2qwijlDFuPiPb', 'https://api.spotify.com/v1/audio-analysis/21jGcNKet2qwijlDFuPiPb',215280,4
110,512,Mora,916426,'https://open.spotify.com/track/5jzEwSyyymBlf1fa1o39T2',0.818,0.673,4,-7.542,0,0.148,0.348,0,0.172,0.695,87.961, 'audio_features', '5jzEwSyyymBlf1fa1o39T2', 'spotify:track:5jzEwSyyymBlf1fa1o39T2', 'https://api.spotify.com/v1/tracks/5jzEwSyyymBlf1fa1o39T2', 'https://api.spotify.com/v1/audio-analysis/5jzEwSyyymBlf1fa1o39T2',193636,4
111,YaMeFui,Bizarrap,916305,'https://open.spotify.com/track/42ahuAFlYGjIGBpVdHcLij',0.785,0.644,4,-4.76,0,0.0744,0.658,0.0000183,0.275,0.175,100.959, 'audio_features', '42ahuAFlYGjIGBpVdHcLij', 'spotify:track:42ahuAFlYGjIGBpVdHcLij', 'https://api.spotify.com/v1/tracks/42ahuAFlYGjIGBpVdHcLij', 'https://api.spotify.com/v1/audio-analysis/42ahuAFlYGjIGBpVdHcLij',182595,4
112,Fulanito,Becky G,913370,'https://open.spotify.com/track/59L8x0xy8njj75vzVCPMqg',0.93,0.837,7,-4.632,0,0.187,0.256,0.00000237,0.239,0.821,111.898, 'audio_features', '59L8x0xy8njj75vzVCPMqg', 'spotify:track:59L8x0xy8njj75vzVCPMqg', 'https://api.spotify.com/v1/tracks/59L8x0xy8njj75vzVCPMqg', 'https://api.spotify.com/v1/audio-analysis/59L8x0xy8njj75vzVCPMqg',158532,4
113,Ficha Limpa,Gusttavo Lima,898812,'https://open.spotify.com/track/5SwyN9hzmWjBsINlif8li8',0.774,0.732,9,-4.227,1,0.0308,0.108,0,0.243,0.734,135.005, 'audio_features', '5SwyN9hzmWjBsINlif8li8', 'spotify:track:5SwyN9hzmWjBsINlif8li8', 'https://api.spotify.com/v1/tracks/5SwyN9hzmWjBsINlif8li8', 'https://api.spotify.com/v1/audio-analysis/5SwyN9hzmWjBsINlif8li8',192725,4
114,"No Me Conocen (Remix) [con DUKI, Rei & Tiago PZK]",BANDIDO,898737,'https://open.spotify.com/track/7COGuXyTr12KvdaYXMqheC',0.769,0.812,1,-2.088,0,0.0825,0.281,0.0000263,0.0781,0.926,180.003, 'audio_features', '7COGuXyTr12KvdaYXMqheC', 'spotify:track:7COGuXyTr12KvdaYXMqheC', 'https://api.spotify.com/v1/tracks/7COGuXyTr12KvdaYXMqheC', 'https://api.spotify.com/v1/audio-analysis/7COGuXyTr12KvdaYXMqheC',280274,4
115,positions,Ariana Grande,894587,'https://open.spotify.com/track/35mvY5S1H3J2QZyna3TFe0',0.737,0.802,0,-4.771,1,0.0878,0.468,0,0.0931,0.682,144.015, 'audio_features', '35mvY5S1H3J2QZyna3TFe0', 'spotify:track:35mvY5S1H3J2QZyna3TFe0', 'https://api.spotify.com/v1/tracks/35mvY5S1H3J2QZyna3TFe0', 'https://api.spotify.com/v1/audio-analysis/35mvY5S1H3J2QZyna3TFe0',172325,4
116,Before You Go,Lewis Capaldi,893768,'https://open.spotify.com/track/2gMXnyrvIjhVBUZwvLZDMP',0.459,0.575,3,-4.858,1,0.0573,0.604,0,0.0885,0.183,111.881, 'audio_features', '2gMXnyrvIjhVBUZwvLZDMP', 'spotify:track:2gMXnyrvIjhVBUZwvLZDMP', 'https://api.spotify.com/v1/tracks/2gMXnyrvIjhVBUZwvLZDMP', 'https://api.spotify.com/v1/audio-analysis/2gMXnyrvIjhVBUZwvLZDMP',215107,4
117,MORENA,Luan Santana,889191,'https://open.spotify.com/track/4PQdrXMDHDPl1RczrrlADd',0.526,0.731,11,-4.662,1,0.0887,0.18,0,0.0891,0.476,86.959, 'audio_features', '4PQdrXMDHDPl1RczrrlADd', 'spotify:track:4PQdrXMDHDPl1RczrrlADd', 'https://api.spotify.com/v1/tracks/4PQdrXMDHDPl1RczrrlADd', 'https://api.spotify.com/v1/audio-analysis/4PQdrXMDHDPl1RczrrlADd',193221,4
118,Talking to the Moon,Bruno Mars,887215,'https://open.spotify.com/track/161DnLWsx1i3u1JT05lzqU',0.523,0.606,1,-4.754,0,0.0301,0.512,0,0.106,0.065,145.837, 'audio_features', '161DnLWsx1i3u1JT05lzqU', 'spotify:track:161DnLWsx1i3u1JT05lzqU', 'https://api.spotify.com/v1/tracks/161DnLWsx1i3u1JT05lzqU', 'https://api.spotify.com/v1/audio-analysis/161DnLWsx1i3u1JT05lzqU',217867,4
119,Aquelas Coisas,Joao Gomes,886672,'https://open.spotify.com/track/0FqVtQxRD3HsPltldG5v5M',0.682,0.873,6,-4.163,1,0.0449,0.402,0,0.0946,0.964,150.006, 'audio_features', '0FqVtQxRD3HsPltldG5v5M', 'spotify:track:0FqVtQxRD3HsPltldG5v5M', 'https://api.spotify.com/v1/tracks/0FqVtQxRD3HsPltldG5v5M', 'https://api.spotify.com/v1/audio-analysis/0FqVtQxRD3HsPltldG5v5M',147072,4
120,Not My Responsibility,Billie Eilish,877466,'https://open.spotify.com/track/4T2zre0jqstNJ5Gt0WG9lz',0.468,0.13,1,-18.031,1,0.0571,0.454,0.927,0.0819,0.0362,115.039, 'audio_features', '4T2zre0jqstNJ5Gt0WG9lz', 'spotify:track:4T2zre0jqstNJ5Gt0WG9lz', 'https://api.spotify.com/v1/tracks/4T2zre0jqstNJ5Gt0WG9lz', 'https://api.spotify.com/v1/audio-analysis/4T2zre0jqstNJ5Gt0WG9lz',227680,4
121,Sunflower - Spider-Man: Into the Spider-Verse,Post Malone,871402,'https://open.spotify.com/track/0RiRZpuVRbi7oqRdSMwhQY',0.755,0.522,2,-4.368,1,0.0575,0.533,0,0.0685,0.925,89.96, 'audio_features', '0RiRZpuVRbi7oqRdSMwhQY', 'spotify:track:0RiRZpuVRbi7oqRdSMwhQY', 'https://api.spotify.com/v1/tracks/0RiRZpuVRbi7oqRdSMwhQY', 'https://api.spotify.com/v1/audio-analysis/0RiRZpuVRbi7oqRdSMwhQY',157560,4
122,BED,Joel Corry,870758,'https://open.spotify.com/track/0siYMEsGrzzzlWLXK5zJfS',0.671,0.782,6,-4.593,1,0.0341,0.0142,0.00221,0.333,0.618,123.989, 'audio_features', '0siYMEsGrzzzlWLXK5zJfS', 'spotify:track:0siYMEsGrzzzlWLXK5zJfS', 'https://api.spotify.com/v1/tracks/0siYMEsGrzzzlWLXK5zJfS', 'https://api.spotify.com/v1/audio-analysis/0siYMEsGrzzzlWLXK5zJfS',178088,4
123,Sal y Perrea,Sech,866573,'https://open.spotify.com/track/5u7twkeask1VIyDeNTElSU',0.786,0.899,10,-0.515,1,0.127,0.192,0.000189,0.299,0.813,90.025, 'audio_features', '5u7twkeask1VIyDeNTElSU', 'spotify:track:5u7twkeask1VIyDeNTElSU', 'https://api.spotify.com/v1/tracks/5u7twkeask1VIyDeNTElSU', 'https://api.spotify.com/v1/audio-analysis/5u7twkeask1VIyDeNTElSU',216510,4
124,Believer,Imagine Dragons,863614,'https://open.spotify.com/track/0pqnGHJpmpxLKifKRmU6WP',0.776,0.78,10,-4.374,0,0.128,0.0622,0,0.081,0.666,124.949, 'audio_features', '0pqnGHJpmpxLKifKRmU6WP', 'spotify:track:0pqnGHJpmpxLKifKRmU6WP', 'https://api.spotify.com/v1/tracks/0pqnGHJpmpxLKifKRmU6WP', 'https://api.spotify.com/v1/audio-analysis/0pqnGHJpmpxLKifKRmU6WP',204347,4
125,"Lemonade (feat. Gunna, Don Toliver & NAV)",Internet Money,861896,'https://open.spotify.com/track/7hxHWCCAIIxFLCzvDgnQHX',0.8,0.658,1,-6.142,0,0.079,0.25,0,0.111,0.462,140.042, 'audio_features', '7hxHWCCAIIxFLCzvDgnQHX', 'spotify:track:7hxHWCCAIIxFLCzvDgnQHX', 'https://api.spotify.com/v1/tracks/7hxHWCCAIIxFLCzvDgnQHX', 'https://api.spotify.com/v1/audio-analysis/7hxHWCCAIIxFLCzvDgnQHX',195429,4
126,Head & Heart (feat. MNEK),Joel Corry,861015,'https://open.spotify.com/track/6cx06DFPPHchuUAcTxznu9',0.734,0.874,8,-3.158,1,0.0662,0.168,0.0000114,0.0489,0.905,122.953, 'audio_features', '6cx06DFPPHchuUAcTxznu9', 'spotify:track:6cx06DFPPHchuUAcTxznu9', 'https://api.spotify.com/v1/tracks/6cx06DFPPHchuUAcTxznu9', 'https://api.spotify.com/v1/audio-analysis/6cx06DFPPHchuUAcTxznu9',166028,4
127,Se For Amor,Joao Gomes,858106,'https://open.spotify.com/track/5F2xRvRFkxDvqdFtUNAEyw',0.667,0.899,11,-4.402,0,0.0322,0.423,0.0000184,0.332,0.835,147.962, 'audio_features', '5F2xRvRFkxDvqdFtUNAEyw', 'spotify:track:5F2xRvRFkxDvqdFtUNAEyw', 'https://api.spotify.com/v1/tracks/5F2xRvRFkxDvqdFtUNAEyw', 'https://api.spotify.com/v1/audio-analysis/5F2xRvRFkxDvqdFtUNAEyw',239928,4
128,Streets,Doja Cat,853064,'https://open.spotify.com/track/60ynsPSSKe6O3sfwRnIBRf',0.749,0.463,11,-8.433,1,0.0828,0.208,0.0371,0.337,0.19,90.028, 'audio_features', '60ynsPSSKe6O3sfwRnIBRf', 'spotify:track:60ynsPSSKe6O3sfwRnIBRf', 'https://api.spotify.com/v1/tracks/60ynsPSSKe6O3sfwRnIBRf', 'https://api.spotify.com/v1/audio-analysis/60ynsPSSKe6O3sfwRnIBRf',226987,4
129,Ram Pam Pam,Natti Natasha,842070,'https://open.spotify.com/track/4DHDIdeayp8xvlyg22wREO',0.908,0.813,5,-2.749,0,0.0777,0.305,0,0.278,0.924,97.018, 'audio_features', '4DHDIdeayp8xvlyg22wREO', 'spotify:track:4DHDIdeayp8xvlyg22wREO', 'https://api.spotify.com/v1/tracks/4DHDIdeayp8xvlyg22wREO', 'https://api.spotify.com/v1/audio-analysis/4DHDIdeayp8xvlyg22wREO',200785,4
130,Baby Me Atende,Matheus Fernandes,839336,'https://open.spotify.com/track/1bWBG6IkMnDr3qvCKSvQT7',0.65,0.792,6,-3.825,0,0.0393,0.607,0.0000236,0.92,0.872,154.027, 'audio_features', '1bWBG6IkMnDr3qvCKSvQT7', 'spotify:track:1bWBG6IkMnDr3qvCKSvQT7', 'https://api.spotify.com/v1/tracks/1bWBG6IkMnDr3qvCKSvQT7', 'https://api.spotify.com/v1/audio-analysis/1bWBG6IkMnDr3qvCKSvQT7',225672,4
131,Shape of You,Ed Sheeran,838173,'https://open.spotify.com/track/7qiZfU4dY1lWllzX7mPBI3',0.825,0.652,1,-3.183,0,0.0802,0.581,0,0.0931,0.931,95.977, 'audio_features', '7qiZfU4dY1lWllzX7mPBI3', 'spotify:track:7qiZfU4dY1lWllzX7mPBI3', 'https://api.spotify.com/v1/tracks/7qiZfU4dY1lWllzX7mPBI3', 'https://api.spotify.com/v1/audio-analysis/7qiZfU4dY1lWllzX7mPBI3',233713,4
132,Perfect,Ed Sheeran,835498,'https://open.spotify.com/track/0tgVpDi06FyKpA1z0VMD4v',0.599,0.448,8,-6.312,1,0.0232,0.163,0,0.106,0.168,95.05, 'audio_features', '0tgVpDi06FyKpA1z0VMD4v', 'spotify:track:0tgVpDi06FyKpA1z0VMD4v', 'https://api.spotify.com/v1/tracks/0tgVpDi06FyKpA1z0VMD4v', 'https://api.spotify.com/v1/audio-analysis/0tgVpDi06FyKpA1z0VMD4v',263400,3
133,Heather,Conan Gray,829042,'https://open.spotify.com/track/4xqrdfXkTW4T0RauPLv3WA',0.357,0.425,5,-7.301,1,0.0333,0.584,0,0.322,0.27,102.078, 'audio_features', '4xqrdfXkTW4T0RauPLv3WA', 'spotify:track:4xqrdfXkTW4T0RauPLv3WA', 'https://api.spotify.com/v1/tracks/4xqrdfXkTW4T0RauPLv3WA', 'https://api.spotify.com/v1/audio-analysis/4xqrdfXkTW4T0RauPLv3WA',198040,3
134,Here's Your Perfect,Jamie Miller,824911,'https://open.spotify.com/track/2aTKrdenCq5qBOoJPFdn4P',0.558,0.454,6,-5.335,1,0.0551,0.499,0,0.146,0.424,113.12, 'audio_features', '2aTKrdenCq5qBOoJPFdn4P', 'spotify:track:2aTKrdenCq5qBOoJPFdn4P', 'https://api.spotify.com/v1/tracks/2aTKrdenCq5qBOoJPFdn4P', 'https://api.spotify.com/v1/audio-analysis/2aTKrdenCq5qBOoJPFdn4P',158594,4
135,LA NOCHE DE ANOCHE,Bad Bunny,822532,'https://open.spotify.com/track/2XIc1pqjXV3Cr2BQUGNBck',0.856,0.618,7,-4.892,1,0.286,0.0303,0,0.0866,0.391,81.993, 'audio_features', '2XIc1pqjXV3Cr2BQUGNBck', 'spotify:track:2XIc1pqjXV3Cr2BQUGNBck', 'https://api.spotify.com/v1/tracks/2XIc1pqjXV3Cr2BQUGNBck', 'https://api.spotify.com/v1/audio-analysis/2XIc1pqjXV3Cr2BQUGNBck',203201,4
136,Roses - Imanbek Remix,SAINt JHN,815162,'https://open.spotify.com/track/0zLCBJZSiELJf02ucPP9wb',0.769,0.719,8,-5.472,1,0.0474,0.0143,0.00777,0.359,0.863,121.955, 'audio_features', '0zLCBJZSiELJf02ucPP9wb', 'spotify:track:0zLCBJZSiELJf02ucPP9wb', 'https://api.spotify.com/v1/tracks/0zLCBJZSiELJf02ucPP9wb', 'https://api.spotify.com/v1/audio-analysis/0zLCBJZSiELJf02ucPP9wb',176867,4
137,you broke me first,Tate McRae,810653,'https://open.spotify.com/track/45bE4HXI0AwGZXfZtMp8JR',0.667,0.373,4,-9.389,1,0.05,0.785,0,0.0906,0.0823,124.148, 'audio_features', '45bE4HXI0AwGZXfZtMp8JR', 'spotify:track:45bE4HXI0AwGZXfZtMp8JR', 'https://api.spotify.com/v1/tracks/45bE4HXI0AwGZXfZtMp8JR', 'https://api.spotify.com/v1/audio-analysis/45bE4HXI0AwGZXfZtMp8JR',169266,4
138,Riptide,Vance Joy,808889,'https://open.spotify.com/track/7yq4Qj7cqayVTp3FF9CWbm',0.484,0.731,1,-6.694,1,0.0379,0.431,0,0.151,0.51,101.654, 'audio_features', '7yq4Qj7cqayVTp3FF9CWbm', 'spotify:track:7yq4Qj7cqayVTp3FF9CWbm', 'https://api.spotify.com/v1/tracks/7yq4Qj7cqayVTp3FF9CWbm', 'https://api.spotify.com/v1/audio-analysis/7yq4Qj7cqayVTp3FF9CWbm',204280,4
139,Senorita,Shawn Mendes,807657,'https://open.spotify.com/track/6v3KW9xbzN5yKLt9YKDYA2',0.759,0.548,9,-6.049,0,0.029,0.0392,0,0.0828,0.749,116.967, 'audio_features', '6v3KW9xbzN5yKLt9YKDYA2', 'spotify:track:6v3KW9xbzN5yKLt9YKDYA2', 'https://api.spotify.com/v1/tracks/6v3KW9xbzN5yKLt9YKDYA2', 'https://api.spotify.com/v1/audio-analysis/6v3KW9xbzN5yKLt9YKDYA2',190800,4
140,Reckless,Madison Beer,803468,'https://open.spotify.com/track/5ajjAnNRh8bxFvaVHzpPjh',0.386,0.426,3,-6.642,1,0.0363,0.807,0,0.14,0.261,180.104, 'audio_features', '5ajjAnNRh8bxFvaVHzpPjh', 'spotify:track:5ajjAnNRh8bxFvaVHzpPjh', 'https://api.spotify.com/v1/tracks/5ajjAnNRh8bxFvaVHzpPjh', 'https://api.spotify.com/v1/audio-analysis/5ajjAnNRh8bxFvaVHzpPjh',203385,3
141,Daddy Issues,The Neighbourhood,803012,'https://open.spotify.com/track/5E30LdtzQTGqRvNd7l6kG5',0.588,0.521,10,-9.461,1,0.0329,0.0678,0.149,0.123,0.337,85.012, 'audio_features', '5E30LdtzQTGqRvNd7l6kG5', 'spotify:track:5E30LdtzQTGqRvNd7l6kG5', 'https://api.spotify.com/v1/tracks/5E30LdtzQTGqRvNd7l6kG5', 'https://api.spotify.com/v1/audio-analysis/5E30LdtzQTGqRvNd7l6kG5',260173,4
142,Smells Like Teen Spirit,Nirvana,799807,'https://open.spotify.com/track/1f3yAtsJtY87CTmM8RLnxf',0.502,0.912,1,-4.556,1,0.0564,0.0000255,0.000173,0.106,0.72,116.761, 'audio_features', '1f3yAtsJtY87CTmM8RLnxf', 'spotify:track:1f3yAtsJtY87CTmM8RLnxf', 'https://api.spotify.com/v1/tracks/1f3yAtsJtY87CTmM8RLnxf', 'https://api.spotify.com/v1/audio-analysis/1f3yAtsJtY87CTmM8RLnxf',301920,4
143,The Nights,Avicii,798432,'https://open.spotify.com/track/0ct6r3EGTcMLPtrXHDvVjc',0.527,0.835,6,-5.298,1,0.0433,0.0166,0,0.249,0.654,125.983, 'audio_features', '0ct6r3EGTcMLPtrXHDvVjc', 'spotify:track:0ct6r3EGTcMLPtrXHDvVjc', 'https://api.spotify.com/v1/tracks/0ct6r3EGTcMLPtrXHDvVjc', 'https://api.spotify.com/v1/audio-analysis/0ct6r3EGTcMLPtrXHDvVjc',176658,4
144,Hold On,Justin Bieber,793742,'https://open.spotify.com/track/1nahzW3kfMuwReTka28tH5',0.658,0.634,1,-6.068,0,0.0431,0.0104,0,0.12,0.302,140.002, 'audio_features', '1nahzW3kfMuwReTka28tH5', 'spotify:track:1nahzW3kfMuwReTka28tH5', 'https://api.spotify.com/v1/tracks/1nahzW3kfMuwReTka28tH5', 'https://api.spotify.com/v1/audio-analysis/1nahzW3kfMuwReTka28tH5',170813,4
145,"Nao, Nao Vou",Mari Fernandez,792219,'https://open.spotify.com/track/0xBQvhJAm6f7J142ympKOn',0.631,0.861,11,-1.891,0,0.0424,0.427,0.000119,0.215,0.822,149.95, 'audio_features', '0xBQvhJAm6f7J142ympKOn', 'spotify:track:0xBQvhJAm6f7J142ympKOn', 'https://api.spotify.com/v1/tracks/0xBQvhJAm6f7J142ympKOn', 'https://api.spotify.com/v1/audio-analysis/0xBQvhJAm6f7J142ympKOn',173038,4
146,Bohemian Rhapsody - Remastered 2011,Queen,791239,'https://open.spotify.com/track/4u7EnebtmKWzUH433cf5Qv',0.414,0.404,0,-9.928,0,0.0499,0.271,0,0.3,0.224,71.105, 'audio_features', '4u7EnebtmKWzUH433cf5Qv', 'spotify:track:4u7EnebtmKWzUH433cf5Qv', 'https://api.spotify.com/v1/tracks/4u7EnebtmKWzUH433cf5Qv', 'https://api.spotify.com/v1/audio-analysis/4u7EnebtmKWzUH433cf5Qv',354320,4
147,ROCKSTAR (feat. Roddy Ricch),DaBaby,789791,'https://open.spotify.com/track/7ytR5pFWmSjzHJIeQkgog4',0.746,0.69,11,-7.956,1,0.164,0.247,0,0.101,0.497,89.977, 'audio_features', '7ytR5pFWmSjzHJIeQkgog4', 'spotify:track:7ytR5pFWmSjzHJIeQkgog4', 'https://api.spotify.com/v1/tracks/7ytR5pFWmSjzHJIeQkgog4', 'https://api.spotify.com/v1/audio-analysis/7ytR5pFWmSjzHJIeQkgog4',181733,4
148,Pain,PinkPantheress,784202,'https://open.spotify.com/track/7CIERzyqIwLVKGp00YbHRO',0.829,0.617,1,-8.497,1,0.14,0.227,0.00306,0.0618,0.81,125.605, 'audio_features', '7CIERzyqIwLVKGp00YbHRO', 'spotify:track:7CIERzyqIwLVKGp00YbHRO', 'https://api.spotify.com/v1/tracks/7CIERzyqIwLVKGp00YbHRO', 'https://api.spotify.com/v1/audio-analysis/7CIERzyqIwLVKGp00YbHRO',98544,4
149,Another Love,Tom Odell,779346,'https://open.spotify.com/track/7jtQIBanIiJOMS6RyCx6jZ',0.442,0.538,4,-8.55,0,0.0451,0.717,0.0000295,0.09,0.139,122.758, 'audio_features', '7jtQIBanIiJOMS6RyCx6jZ', 'spotify:track:7jtQIBanIiJOMS6RyCx6jZ', 'https://api.spotify.com/v1/tracks/7jtQIBanIiJOMS6RyCx6jZ', 'https://api.spotify.com/v1/audio-analysis/7jtQIBanIiJOMS6RyCx6jZ',244360,4
150,2:50 Remix,MYA,779144,'https://open.spotify.com/track/74znaWw1hmQBusGPSOuTFy',0.818,0.812,9,-4.425,1,0.0475,0.112,0,0.234,0.844,139.966, 'audio_features', '74znaWw1hmQBusGPSOuTFy', 'spotify:track:74znaWw1hmQBusGPSOuTFy', 'https://api.spotify.com/v1/tracks/74znaWw1hmQBusGPSOuTFy', 'https://api.spotify.com/v1/audio-analysis/74znaWw1hmQBusGPSOuTFy',231708,4
151,Curame,Rauw Alejandro,778418,'https://open.spotify.com/track/3PwRuzdphgedcWVUOVYJ7I',0.765,0.625,9,-3.599,0,0.0548,0.584,0.00111,0.112,0.262,102.101, 'audio_features', '3PwRuzdphgedcWVUOVYJ7I', 'spotify:track:3PwRuzdphgedcWVUOVYJ7I', 'https://api.spotify.com/v1/tracks/3PwRuzdphgedcWVUOVYJ7I', 'https://api.spotify.com/v1/audio-analysis/3PwRuzdphgedcWVUOVYJ7I',164706,4
152,Miss The Rage (feat. Playboi Carti),Trippie Redd,776043,'https://open.spotify.com/track/2BITQ360Knh6qNAOqR7Dyq',0.584,0.859,8,-5.616,1,0.121,0.0144,0,0.847,0.369,77.005, 'audio_features', '2BITQ360Knh6qNAOqR7Dyq', 'spotify:track:2BITQ360Knh6qNAOqR7Dyq', 'https://api.spotify.com/v1/tracks/2BITQ360Knh6qNAOqR7Dyq', 'https://api.spotify.com/v1/audio-analysis/2BITQ360Knh6qNAOqR7Dyq',236883,4
153,Hawai,Maluma,774682,'https://open.spotify.com/track/1yoMvmasuxZfqHEipJhRbp',0.783,0.727,6,-3.454,0,0.389,0.185,0.0000246,0.0626,0.558,180.067, 'audio_features', '1yoMvmasuxZfqHEipJhRbp', 'spotify:track:1yoMvmasuxZfqHEipJhRbp', 'https://api.spotify.com/v1/tracks/1yoMvmasuxZfqHEipJhRbp', 'https://api.spotify.com/v1/audio-analysis/1yoMvmasuxZfqHEipJhRbp',199112,4
154,Como Si No Importara,Emilia,766018,'https://open.spotify.com/track/1GYJpuLq41vEVKXiHGEY9j',0.843,0.534,1,-6.658,0,0.142,0.467,0,0.0984,0.528,94.984, 'audio_features', '1GYJpuLq41vEVKXiHGEY9j', 'spotify:track:1GYJpuLq41vEVKXiHGEY9j', 'https://api.spotify.com/v1/tracks/1GYJpuLq41vEVKXiHGEY9j', 'https://api.spotify.com/v1/audio-analysis/1GYJpuLq41vEVKXiHGEY9j',173053,4
155,Take Me To Church,Hozier,759672,'https://open.spotify.com/track/3dYD57lRAUcMHufyqn9GcI',0.566,0.664,4,-5.303,0,0.0464,0.634,0,0.116,0.437,128.945, 'audio_features', '3dYD57lRAUcMHufyqn9GcI', 'spotify:track:3dYD57lRAUcMHufyqn9GcI', 'https://api.spotify.com/v1/tracks/3dYD57lRAUcMHufyqn9GcI', 'https://api.spotify.com/v1/audio-analysis/3dYD57lRAUcMHufyqn9GcI',241688,4
156,Memories,Maroon 5,759135,'https://open.spotify.com/track/4cktbXiXOapiLBMprHFErI',0.775,0.327,11,-7.241,1,0.0557,0.841,0,0.0821,0.595,91.05, 'audio_features', '4cktbXiXOapiLBMprHFErI', 'spotify:track:4cktbXiXOapiLBMprHFErI', 'https://api.spotify.com/v1/tracks/4cktbXiXOapiLBMprHFErI', 'https://api.spotify.com/v1/audio-analysis/4cktbXiXOapiLBMprHFErI',189486,4
157,bad guy,Billie Eilish,755147,'https://open.spotify.com/track/2Fxmhks0bxGSBdJ92vM42m',0.701,0.425,7,-10.965,1,0.375,0.328,0.13,0.1,0.562,135.128, 'audio_features', '2Fxmhks0bxGSBdJ92vM42m', 'spotify:track:2Fxmhks0bxGSBdJ92vM42m', 'https://api.spotify.com/v1/tracks/2Fxmhks0bxGSBdJ92vM42m', 'https://api.spotify.com/v1/audio-analysis/2Fxmhks0bxGSBdJ92vM42m',194088,4
158,goosebumps,Travis Scott,754876,'https://open.spotify.com/track/6gBFPUFcJLzWGx4lenP6h2',0.841,0.728,7,-3.37,1,0.0484,0.0847,0,0.149,0.43,130.049, 'audio_features', '6gBFPUFcJLzWGx4lenP6h2', 'spotify:track:6gBFPUFcJLzWGx4lenP6h2', 'https://api.spotify.com/v1/tracks/6gBFPUFcJLzWGx4lenP6h2', 'https://api.spotify.com/v1/audio-analysis/6gBFPUFcJLzWGx4lenP6h2',243837,4
159,t r a n s p a r e n t s o u l feat. Travis Barker,WILLOW,746915,'https://open.spotify.com/track/5JKnYZOhSP7rOK0jPYcCjV',0.374,0.83,11,-5.203,0,0.0584,0.00213,0,0.15,0.204,90.19, 'audio_features', '5JKnYZOhSP7rOK0jPYcCjV', 'spotify:track:5JKnYZOhSP7rOK0jPYcCjV', 'https://api.spotify.com/v1/tracks/5JKnYZOhSP7rOK0jPYcCjV', 'https://api.spotify.com/v1/audio-analysis/5JKnYZOhSP7rOK0jPYcCjV',168398,4
160,Yellow,Coldplay,745391,'https://open.spotify.com/track/3AJwUDP919kvQ9QcozQPxg',0.429,0.661,11,-7.227,1,0.0281,0.00239,0.000121,0.234,0.285,173.372, 'audio_features', '3AJwUDP919kvQ9QcozQPxg', 'spotify:track:3AJwUDP919kvQ9QcozQPxg', 'https://api.spotify.com/v1/tracks/3AJwUDP919kvQ9QcozQPxg', 'https://api.spotify.com/v1/audio-analysis/3AJwUDP919kvQ9QcozQPxg',266773,4
161,Dreams - 2004 Remaster,Fleetwood Mac,745047,'https://open.spotify.com/track/0ofHAoxe9vBkTCp2UQIavz',0.828,0.492,0,-9.744,1,0.0276,0.0644,0.00428,0.128,0.789,120.151, 'audio_features', '0ofHAoxe9vBkTCp2UQIavz', 'spotify:track:0ofHAoxe9vBkTCp2UQIavz', 'https://api.spotify.com/v1/tracks/0ofHAoxe9vBkTCp2UQIavz', 'https://api.spotify.com/v1/audio-analysis/0ofHAoxe9vBkTCp2UQIavz',257800,4
162,enough for you,Olivia Rodrigo,742293,'https://open.spotify.com/track/2TOzTqQXNmR2zDJXihjZ2e',0.638,0.259,7,-10.706,1,0.0898,0.753,0,0.219,0.269,88.485, 'audio_features', '2TOzTqQXNmR2zDJXihjZ2e', 'spotify:track:2TOzTqQXNmR2zDJXihjZ2e', 'https://api.spotify.com/v1/tracks/2TOzTqQXNmR2zDJXihjZ2e', 'https://api.spotify.com/v1/audio-analysis/2TOzTqQXNmR2zDJXihjZ2e',202827,4
163,Shallow,Lady Gaga,742052,'https://open.spotify.com/track/2VxeLyX666F8uXCJ0dZF8B',0.572,0.385,7,-6.362,1,0.0308,0.371,0,0.231,0.323,95.799, 'audio_features', '2VxeLyX666F8uXCJ0dZF8B', 'spotify:track:2VxeLyX666F8uXCJ0dZF8B', 'https://api.spotify.com/v1/tracks/2VxeLyX666F8uXCJ0dZF8B', 'https://api.spotify.com/v1/audio-analysis/2VxeLyX666F8uXCJ0dZF8B',215733,4
164,Faz Amor Comigo So Hoje - Ao Vivo,Israel & Rodolffo,733508,'https://open.spotify.com/track/7Kba4OaxQFQ1zlknQUpNqN',0.624,0.922,1,-4.628,0,0.0439,0.3,0,0.112,0.884,164.819, 'audio_features', '7Kba4OaxQFQ1zlknQUpNqN', 'spotify:track:7Kba4OaxQFQ1zlknQUpNqN', 'https://api.spotify.com/v1/tracks/7Kba4OaxQFQ1zlknQUpNqN', 'https://api.spotify.com/v1/audio-analysis/7Kba4OaxQFQ1zlknQUpNqN',148228,4
165,Counting Stars,OneRepublic,733261,'https://open.spotify.com/track/2tpWsVSb9UEmDRxAl1zhX1',0.664,0.705,1,-4.972,0,0.0382,0.0654,0,0.118,0.477,122.016, 'audio_features', '2tpWsVSb9UEmDRxAl1zhX1', 'spotify:track:2tpWsVSb9UEmDRxAl1zhX1', 'https://api.spotify.com/v1/tracks/2tpWsVSb9UEmDRxAl1zhX1', 'https://api.spotify.com/v1/audio-analysis/2tpWsVSb9UEmDRxAl1zhX1',257267,4
166,Fancy Like,Walker Hayes,730484,'https://open.spotify.com/track/3ZozFqJJlDBNIm4xqxn2ZD',0.649,0.76,1,-6.487,1,0.0574,0.114,0,0.317,0.843,80.018, 'audio_features', '3ZozFqJJlDBNIm4xqxn2ZD', 'spotify:track:3ZozFqJJlDBNIm4xqxn2ZD', 'https://api.spotify.com/v1/tracks/3ZozFqJJlDBNIm4xqxn2ZD', 'https://api.spotify.com/v1/audio-analysis/3ZozFqJJlDBNIm4xqxn2ZD',161853,4
167,Bandido,Myke Towers,725556,'https://open.spotify.com/track/1xK1Gg9SxG8fy2Ya373oqb',0.713,0.617,8,-4.637,1,0.0887,0.122,0,0.0962,0.682,168.021, 'audio_features', '1xK1Gg9SxG8fy2Ya373oqb', 'spotify:track:1xK1Gg9SxG8fy2Ya373oqb', 'https://api.spotify.com/v1/tracks/1xK1Gg9SxG8fy2Ya373oqb', 'https://api.spotify.com/v1/audio-analysis/1xK1Gg9SxG8fy2Ya373oqb',232853,4
168,Lucid Dreams,Juice WRLD,725504,'https://open.spotify.com/track/285pBltuF7vW8TeWk8hdRR',0.511,0.566,6,-7.23,0,0.2,0.349,0,0.34,0.218,83.903, 'audio_features', '285pBltuF7vW8TeWk8hdRR', 'spotify:track:285pBltuF7vW8TeWk8hdRR', 'https://api.spotify.com/v1/tracks/285pBltuF7vW8TeWk8hdRR', 'https://api.spotify.com/v1/audio-analysis/285pBltuF7vW8TeWk8hdRR',239836,4
169,Tell Em,Cochise,723135,'https://open.spotify.com/track/7nc7mlSdWYeFom84zZ8Wr8',0.672,0.717,5,-7.476,1,0.226,0.103,0,0.398,0.473,157.905, 'audio_features', '7nc7mlSdWYeFom84zZ8Wr8', 'spotify:track:7nc7mlSdWYeFom84zZ8Wr8', 'https://api.spotify.com/v1/tracks/7nc7mlSdWYeFom84zZ8Wr8', 'https://api.spotify.com/v1/audio-analysis/7nc7mlSdWYeFom84zZ8Wr8',180380,4
170,Little Bit of Love,Tom Grennan,721984,'https://open.spotify.com/track/3Iba59sFmGhQ4kbCY5L8AX',0.689,0.706,1,-4.48,0,0.0312,0.0833,0,0.105,0.623,106.52, 'audio_features', '3Iba59sFmGhQ4kbCY5L8AX', 'spotify:track:3Iba59sFmGhQ4kbCY5L8AX', 'https://api.spotify.com/v1/tracks/3Iba59sFmGhQ4kbCY5L8AX', 'https://api.spotify.com/v1/audio-analysis/3Iba59sFmGhQ4kbCY5L8AX',226268,4
171,Se Me Olvido,Gera MX,719792,'https://open.spotify.com/track/7xLYLM5K6S1TwiSdfuhZQg',0.788,0.526,9,-8.082,0,0.071,0.524,0,0.285,0.584,89.012, 'audio_features', '7xLYLM5K6S1TwiSdfuhZQg', 'spotify:track:7xLYLM5K6S1TwiSdfuhZQg', 'https://api.spotify.com/v1/tracks/7xLYLM5K6S1TwiSdfuhZQg', 'https://api.spotify.com/v1/audio-analysis/7xLYLM5K6S1TwiSdfuhZQg',220301,4
172,ALMAS GEMELAS,Myke Towers,717580,'https://open.spotify.com/track/2KcNrONbZ0hvBPjvrDO2tx',0.793,0.745,7,-4.579,1,0.0571,0.182,0.000189,0.293,0.716,94.979, 'audio_features', '2KcNrONbZ0hvBPjvrDO2tx', 'spotify:track:2KcNrONbZ0hvBPjvrDO2tx', 'https://api.spotify.com/v1/tracks/2KcNrONbZ0hvBPjvrDO2tx', 'https://api.spotify.com/v1/audio-analysis/2KcNrONbZ0hvBPjvrDO2tx',235411,4
173,Wake Me Up,Avicii,713746,'https://open.spotify.com/track/0nrRP2bk19rLc0orkWPQk2',0.532,0.783,2,-5.697,1,0.0523,0.0038,0.0012,0.161,0.643,124.08, 'audio_features', '0nrRP2bk19rLc0orkWPQk2', 'spotify:track:0nrRP2bk19rLc0orkWPQk2', 'https://api.spotify.com/v1/tracks/0nrRP2bk19rLc0orkWPQk2', 'https://api.spotify.com/v1/audio-analysis/0nrRP2bk19rLc0orkWPQk2',247427,4
174,Calling My Phone,Lil Tjay,712247,'https://open.spotify.com/track/3J8EOeKLTLXORtWPpOU5bE',0.907,0.393,4,-7.636,0,0.0539,0.451,0.00000135,0.135,0.202,104.949, 'audio_features', '3J8EOeKLTLXORtWPpOU5bE', 'spotify:track:3J8EOeKLTLXORtWPpOU5bE', 'https://api.spotify.com/v1/tracks/3J8EOeKLTLXORtWPpOU5bE', 'https://api.spotify.com/v1/audio-analysis/3J8EOeKLTLXORtWPpOU5bE',205458,4
175,Runaway,AURORA,711803,'https://open.spotify.com/track/1v1oIWf2Xgh54kIWuKsDf6',0.422,0.302,11,-9.214,1,0.0372,0.629,0.0000783,0.104,0.123,114.089, 'audio_features', '1v1oIWf2Xgh54kIWuKsDf6', 'spotify:track:1v1oIWf2Xgh54kIWuKsDf6', 'https://api.spotify.com/v1/tracks/1v1oIWf2Xgh54kIWuKsDf6', 'https://api.spotify.com/v1/audio-analysis/1v1oIWf2Xgh54kIWuKsDf6',248827,4
176,What You Know Bout Love,Pop Smoke,706370,'https://open.spotify.com/track/1tkg4EHVoqnhR6iFEXb60y',0.709,0.548,10,-8.493,1,0.353,0.65,0.00000159,0.133,0.543,83.995, 'audio_features', '1tkg4EHVoqnhR6iFEXb60y', 'spotify:track:1tkg4EHVoqnhR6iFEXb60y', 'https://api.spotify.com/v1/tracks/1tkg4EHVoqnhR6iFEXb60y', 'https://api.spotify.com/v1/audio-analysis/1tkg4EHVoqnhR6iFEXb60y',160000,4
177,death bed (coffee for your head),Powfu,706206,'https://open.spotify.com/track/7eJMfftS33KTjuF7lTsMCx',0.726,0.431,8,-8.765,0,0.135,0.731,0,0.696,0.348,144.026, 'audio_features', '7eJMfftS33KTjuF7lTsMCx', 'spotify:track:7eJMfftS33KTjuF7lTsMCx', 'https://api.spotify.com/v1/tracks/7eJMfftS33KTjuF7lTsMCx', 'https://api.spotify.com/v1/audio-analysis/7eJMfftS33KTjuF7lTsMCx',173333,4
178,Another One Bites The Dust - Remastered 2011,Queen,705098,'https://open.spotify.com/track/5vdp5UmvTsnMEMESIF2Ym7',0.933,0.528,5,-6.472,0,0.161,0.112,0.312,0.163,0.754,109.967, 'audio_features', '5vdp5UmvTsnMEMESIF2Ym7', 'spotify:track:5vdp5UmvTsnMEMESIF2Ym7', 'https://api.spotify.com/v1/tracks/5vdp5UmvTsnMEMESIF2Ym7', 'https://api.spotify.com/v1/audio-analysis/5vdp5UmvTsnMEMESIF2Ym7',214653,4
179,Say You Won't Let Go,James Arthur,704448,'https://open.spotify.com/track/5uCax9HTNlzGybIStD3vDh',0.358,0.557,10,-7.398,1,0.059,0.695,0,0.0902,0.494,85.043, 'audio_features', '5uCax9HTNlzGybIStD3vDh', 'spotify:track:5uCax9HTNlzGybIStD3vDh', 'https://api.spotify.com/v1/tracks/5uCax9HTNlzGybIStD3vDh', 'https://api.spotify.com/v1/audio-analysis/5uCax9HTNlzGybIStD3vDh',211467,4
180,Mr. Brightside,The Killers,703854,'https://open.spotify.com/track/003vvx7Niy0yvhvHt4a68B',0.352,0.911,1,-5.23,1,0.0747,0.00121,0,0.0995,0.236,148.033, 'audio_features', '003vvx7Niy0yvhvHt4a68B', 'spotify:track:003vvx7Niy0yvhvHt4a68B', 'https://api.spotify.com/v1/tracks/003vvx7Niy0yvhvHt4a68B', 'https://api.spotify.com/v1/audio-analysis/003vvx7Niy0yvhvHt4a68B',222973,4
181,Chosen (feat. Ty Dolla $ign),Blxst,699295,'https://open.spotify.com/track/1dIWPXMX4kRHj6Dt2DStUQ',0.571,0.767,2,-5.16,1,0.287,0.336,0,0.0809,0.605,93.421, 'audio_features', '1dIWPXMX4kRHj6Dt2DStUQ', 'spotify:track:1dIWPXMX4kRHj6Dt2DStUQ', 'https://api.spotify.com/v1/tracks/1dIWPXMX4kRHj6Dt2DStUQ', 'https://api.spotify.com/v1/audio-analysis/1dIWPXMX4kRHj6Dt2DStUQ',161684,4
182,Every Breath You Take,The Police,699125,'https://open.spotify.com/track/1JSTJqkT5qHq8MDJnJbRE1',0.82,0.452,1,-9.796,1,0.0348,0.543,0.00294,0.0714,0.74,117.401, 'audio_features', '1JSTJqkT5qHq8MDJnJbRE1', 'spotify:track:1JSTJqkT5qHq8MDJnJbRE1', 'https://api.spotify.com/v1/tracks/1JSTJqkT5qHq8MDJnJbRE1', 'https://api.spotify.com/v1/audio-analysis/1JSTJqkT5qHq8MDJnJbRE1',253920,4
183,Zero Saudade - Ao Vivo,Os Baroes Da Pisadinha,696730,'https://open.spotify.com/track/1oIqP923yBKV45IaXm5s14',0.543,0.902,6,-1.778,1,0.0664,0.376,0,0.378,0.839,168.243, 'audio_features', '1oIqP923yBKV45IaXm5s14', 'spotify:track:1oIqP923yBKV45IaXm5s14', 'https://api.spotify.com/v1/tracks/1oIqP923yBKV45IaXm5s14', 'https://api.spotify.com/v1/audio-analysis/1oIqP923yBKV45IaXm5s14',184640,4
184,WAP (feat. Megan Thee Stallion),Cardi B,696452,'https://open.spotify.com/track/4Oun2ylbjFKMPTiaSbbCih',0.935,0.454,1,-7.509,1,0.375,0.0194,0,0.0824,0.357,133.073, 'audio_features', '4Oun2ylbjFKMPTiaSbbCih', 'spotify:track:4Oun2ylbjFKMPTiaSbbCih', 'https://api.spotify.com/v1/tracks/4Oun2ylbjFKMPTiaSbbCih', 'https://api.spotify.com/v1/audio-analysis/4Oun2ylbjFKMPTiaSbbCih',187541,4
185,Dior,Pop Smoke,692381,'https://open.spotify.com/track/79s5XnCN4TJKTVMSmOx8Ep',0.548,0.805,7,-5.732,1,0.351,0.212,0.000389,0.408,0.648,142.094, 'audio_features', '79s5XnCN4TJKTVMSmOx8Ep', 'spotify:track:79s5XnCN4TJKTVMSmOx8Ep', 'https://api.spotify.com/v1/tracks/79s5XnCN4TJKTVMSmOx8Ep', 'https://api.spotify.com/v1/audio-analysis/79s5XnCN4TJKTVMSmOx8Ep',216387,4
186,Jocelyn Flores,XXXTENTACION,686555,'https://open.spotify.com/track/7m9OqQk4RVRkw9JJdeAw96',0.872,0.391,0,-9.144,0,0.242,0.469,0.00000413,0.297,0.437,134.021, 'audio_features', '7m9OqQk4RVRkw9JJdeAw96', 'spotify:track:7m9OqQk4RVRkw9JJdeAw96', 'https://api.spotify.com/v1/tracks/7m9OqQk4RVRkw9JJdeAw96', 'https://api.spotify.com/v1/audio-analysis/7m9OqQk4RVRkw9JJdeAw96',119133,4
187,For The Night (feat. Lil Baby & DaBaby),Pop Smoke,686146,'https://open.spotify.com/track/0PvFJmanyNQMseIFrU708S',0.823,0.586,6,-6.606,0,0.2,0.114,0,0.193,0.347,125.971, 'audio_features', '0PvFJmanyNQMseIFrU708S', 'spotify:track:0PvFJmanyNQMseIFrU708S', 'https://api.spotify.com/v1/tracks/0PvFJmanyNQMseIFrU708S', 'https://api.spotify.com/v1/audio-analysis/0PvFJmanyNQMseIFrU708S',190476,4
188,Se Joga no Passinho,Brisa Star,685358,'https://open.spotify.com/track/41pFFOnh1glVNIlrWOpBjb',0.654,0.83,11,-3.052,0,0.0467,0.391,0.0000137,0.032,0.866,168, 'audio_features', '41pFFOnh1glVNIlrWOpBjb', 'spotify:track:41pFFOnh1glVNIlrWOpBjb', 'https://api.spotify.com/v1/tracks/41pFFOnh1glVNIlrWOpBjb', 'https://api.spotify.com/v1/audio-analysis/41pFFOnh1glVNIlrWOpBjb',200000,4
189,34+35,Ariana Grande,685312,'https://open.spotify.com/track/6Im9k8u9iIzKMrmV7BWtlF',0.83,0.585,0,-6.476,1,0.094,0.237,0,0.248,0.485,109.978, 'audio_features', '6Im9k8u9iIzKMrmV7BWtlF', 'spotify:track:6Im9k8u9iIzKMrmV7BWtlF', 'https://api.spotify.com/v1/tracks/6Im9k8u9iIzKMrmV7BWtlF', 'https://api.spotify.com/v1/audio-analysis/6Im9k8u9iIzKMrmV7BWtlF',173711,4
190,Blaues Licht,RAF Camora,684153,'https://open.spotify.com/track/08EPQiLMyGB8GJX2EiVoCM',0.819,0.835,8,-4.899,0,0.102,0.398,0.00674,0.252,0.703,144.955, 'audio_features', '08EPQiLMyGB8GJX2EiVoCM', 'spotify:track:08EPQiLMyGB8GJX2EiVoCM', 'https://api.spotify.com/v1/tracks/08EPQiLMyGB8GJX2EiVoCM', 'https://api.spotify.com/v1/audio-analysis/08EPQiLMyGB8GJX2EiVoCM',144264,4
191,Martin & Gina,Polo G,682257,'https://open.spotify.com/track/1VLtjHwRWOVJiE5Py7JxoQ',0.832,0.534,1,-7.813,0,0.253,0.345,0,0.165,0.116,93.924, 'audio_features', '1VLtjHwRWOVJiE5Py7JxoQ', 'spotify:track:1VLtjHwRWOVJiE5Py7JxoQ', 'https://api.spotify.com/v1/tracks/1VLtjHwRWOVJiE5Py7JxoQ', 'https://api.spotify.com/v1/audio-analysis/1VLtjHwRWOVJiE5Py7JxoQ',132833,4
192,Nao Nasceu pra Namorar,MC Zaquin,677737,'https://open.spotify.com/track/6pQKUKBpwr6GhfhcFFFozo',0.525,0.448,1,-4.075,0,0.0443,0.14,0,0.0922,0.527,83.406, 'audio_features', '6pQKUKBpwr6GhfhcFFFozo', 'spotify:track:6pQKUKBpwr6GhfhcFFFozo', 'https://api.spotify.com/v1/tracks/6pQKUKBpwr6GhfhcFFFozo', 'https://api.spotify.com/v1/audio-analysis/6pQKUKBpwr6GhfhcFFFozo',140308,4
193,Up,Cardi B,675341,'https://open.spotify.com/track/1M4OcYkxAtu3ErzSgDEfoi',0.868,0.795,11,-6.044,1,0.269,0.0012,0.0193,0.0461,0.819,166, 'audio_features', '1M4OcYkxAtu3ErzSgDEfoi', 'spotify:track:1M4OcYkxAtu3ErzSgDEfoi', 'https://api.spotify.com/v1/tracks/1M4OcYkxAtu3ErzSgDEfoi', 'https://api.spotify.com/v1/audio-analysis/1M4OcYkxAtu3ErzSgDEfoi',156945,4
194,Paradise (feat. Dermot Kennedy),MEDUZA,672140,'https://open.spotify.com/track/6ft4hAq6yde8jPZY2i5zLr',0.632,0.595,8,-7.644,0,0.0401,0.0689,0,0.209,0.435,124.114, 'audio_features', '6ft4hAq6yde8jPZY2i5zLr', 'spotify:track:6ft4hAq6yde8jPZY2i5zLr', 'https://api.spotify.com/v1/tracks/6ft4hAq6yde8jPZY2i5zLr', 'https://api.spotify.com/v1/audio-analysis/6ft4hAq6yde8jPZY2i5zLr',167903,4
195,Bipolar,Mc Davi,669500,'https://open.spotify.com/track/0qxLQ6opocOGyFnlXqJ53x',0.601,0.36,9,-7.791,0,0.0877,0.586,0,0.0882,0.335,124.993, 'audio_features', '0qxLQ6opocOGyFnlXqJ53x', 'spotify:track:0qxLQ6opocOGyFnlXqJ53x', 'https://api.spotify.com/v1/tracks/0qxLQ6opocOGyFnlXqJ53x', 'https://api.spotify.com/v1/audio-analysis/0qxLQ6opocOGyFnlXqJ53x',276480,4
196,The Real Slim Shady,Eminem,668331,'https://open.spotify.com/track/3yfqSUWxFvZELEM4PmlwIR',0.949,0.661,5,-4.244,0,0.0572,0.0302,0,0.0454,0.76,104.504, 'audio_features', '3yfqSUWxFvZELEM4PmlwIR', 'spotify:track:3yfqSUWxFvZELEM4PmlwIR', 'https://api.spotify.com/v1/tracks/3yfqSUWxFvZELEM4PmlwIR', 'https://api.spotify.com/v1/audio-analysis/3yfqSUWxFvZELEM4PmlwIR',284200,4
197,Wasted Love (feat. Lagique),Ofenbach,668162,'https://open.spotify.com/track/2pPO9YecZimmuVQfIzfV6U',0.734,0.855,6,-4.578,0,0.135,0.0821,0.00000473,0.0901,0.54,121.955, 'audio_features', '2pPO9YecZimmuVQfIzfV6U', 'spotify:track:2pPO9YecZimmuVQfIzfV6U', 'https://api.spotify.com/v1/tracks/2pPO9YecZimmuVQfIzfV6U', 'https://api.spotify.com/v1/audio-analysis/2pPO9YecZimmuVQfIzfV6U',139563,4
198,Cover Me In Sunshine,P!nk,667863,'https://open.spotify.com/track/0UKUfxIkDAMZz7hMdiVX3m',0.473,0.592,5,-6.859,1,0.138,0.0528,0,0.131,0.292,159.7, 'audio_features', '0UKUfxIkDAMZz7hMdiVX3m', 'spotify:track:0UKUfxIkDAMZz7hMdiVX3m', 'https://api.spotify.com/v1/tracks/0UKUfxIkDAMZz7hMdiVX3m', 'https://api.spotify.com/v1/audio-analysis/0UKUfxIkDAMZz7hMdiVX3m',138573,4
199,All of Me,John Legend,667656,'https://open.spotify.com/track/3U4isOIWM3VvDubwSI3y7a',0.422,0.264,8,-7.064,1,0.0322,0.922,0,0.132,0.331,119.93, 'audio_features', '3U4isOIWM3VvDubwSI3y7a', 'spotify:track:3U4isOIWM3VvDubwSI3y7a', 'https://api.spotify.com/v1/tracks/3U4isOIWM3VvDubwSI3y7a', 'https://api.spotify.com/v1/audio-analysis/3U4isOIWM3VvDubwSI3y7a',269560,4
200,"1 step forward, 3 steps back",Olivia Rodrigo,665243,'https://open.spotify.com/track/4wcBRRpIfesgcyUtis7PEg',0.473,0.203,2,-12.627,1,0.102,0.941,0,0.126,0.419,168.884, 'audio_features', '4wcBRRpIfesgcyUtis7PEg', 'spotify:track:4wcBRRpIfesgcyUtis7PEg', 'https://api.spotify.com/v1/tracks/4wcBRRpIfesgcyUtis7PEg', 'https://api.spotify.com/v1/audio-analysis/4wcBRRpIfesgcyUtis7PEg',163587,4
